text,sentiment
The warranty coverage for this online course is standard across all models.,neutral
Very horrible quality from the wireless earbuds. Failed after just a few days.,negative
Top-notch performance from the gaming monitor. Highly great and efficient.,positive
Frustrating and faulty! the kitchen blender stopped working immediately.,negative
This model of the wireless earbuds comes with default standard options.,neutral
Frustrating and horrible! this laptop stopped working immediately.,negative
Thanks for breaking my item and charging me double for shipping!,negative
Frustrating and defective! this hotel booking stopped working immediately.,negative
The the gaming monitor was delivered on Tuesday according to tracking.,neutral
Very dreadful quality from the kitchen blender. Failed after just a few days.,negative
Exceeded expectations! the wireless earbuds is great and worth every dollar.,positive
"Five stars for this winter jacket! top-grade build, top-grade features, and top-grade delivery.",positive
The subscription plan auto-renews annually on the anniversary date.,neutral
this hotel booking is manufactured in standard and distributed globally.,neutral
Extremely frustrating experience with this hotel booking. It was a complete frustrating purchase.,negative
Impressed by how brilliant the wireless earbuds is. Outstanding overall quality!,positive
Regret buying the kitchen blender. The design is frustrating and performance is frustrating.,negative
"Five stars for the coffee machine! impressive build, impressive features, and impressive delivery.",positive
The shipment of this winter jacket was processed at the central warehouse.,neutral
Exceeded expectations! this winter jacket is impressive and worth every dollar.,positive
Uncomfortable seats and noisy environment. Slept horribly during my stay.,negative
The the kitchen blender was delivered on Wednesday according to tracking.,neutral
This model of this hotel booking comes with default standard options.,neutral
Overpriced and underperforming. Battery dies in less than two hours. Do not buy!,negative
Loved everything about the kitchen blender. Truly an brilliant product.,positive
Top-notch performance from this smart watch. Highly brilliant and efficient.,positive
this laptop was a huge disappointment. terrible material and terrible execution.,negative
"Do not buy the smartphone app! It is subpar, broken, and useless.",negative
Loved everything about the coffee machine. Truly an brilliant product.,positive
"Five stars for this smart watch! amazing build, amazing features, and amazing delivery.",positive
Extremely subpar experience with the gaming monitor. It was a complete subpar purchase.,negative
The issue with this smart watch was unresolved. Truly a disappointing product.,negative
"Do not buy the wireless earbuds! It is subpar, broken, and useless.",negative
this smart watch operates within the standard voltage range specified.,neutral
Very awful quality from this laptop. Failed after just a few days.,negative
Top-notch performance from this online course. Highly great and efficient.,positive
Regret buying the kitchen blender. The design is awful and performance is awful.,negative
Top-notch performance from this hotel booking. Highly fantastic and efficient.,positive
Information regarding the wireless earbuds can be found on page 501 of the guide.,neutral
top-grade quality! I am very happy with the coffee machine and will buy again.,positive
Avoid this hotel booking at all costs. Extremely defective and poorly manufactured.,negative
the coffee machine was a huge disappointment. horrible material and horrible execution.,negative
Very miserable quality from this laptop. Failed after just a few days.,negative
This model of the gaming monitor comes with certified standard options.,neutral
The the gaming monitor was delivered on Tuesday according to tracking.,neutral
The issue with the kitchen blender was unresolved. Truly a disappointing product.,negative
outstanding quality! I am very happy with this winter jacket and will buy again.,positive
The team behind the gaming monitor did an great job. Very great service!,positive
Information regarding this winter jacket can be found on page 208 of the guide.,neutral
The the gaming monitor was delivered on Wednesday according to tracking.,neutral
"The food was cold, tasteless, and arrived over an hour late. Never ordering again.",negative
Loved everything about the gaming monitor. Truly an impressive product.,positive
Exceeded expectations! the coffee machine is excellent and worth every dollar.,positive
Information regarding this online course can be found on page 501 of the guide.,neutral
The issue with this winter jacket was unresolved. Truly a subpar product.,negative
The issue with the gaming monitor was unresolved. Truly a faulty product.,negative
This model of this hotel booking comes with certified standard options.,neutral
Extremely defective experience with this winter jacket. It was a complete defective purchase.,negative
Top-notch performance from this hotel booking. Highly excellent and efficient.,positive
This model of the kitchen blender comes with specified standard options.,neutral
superb quality! I am very happy with this online course and will buy again.,positive
Way too expensive for such a defective performance. the coffee machine is garbage.,negative
the wireless earbuds operates within the standard voltage range specified.,neutral
The warranty coverage for this online course is standard across all models.,neutral
The scheduled update for the kitchen blender will occur next Tuesday.,neutral
Way too expensive for such a disappointing performance. the kitchen blender is garbage.,negative
The team behind the gaming monitor did an fantastic job. Very fantastic service!,positive
The specifications for this smart watch indicate a weight of certified.,neutral
this laptop is manufactured in certified and distributed globally.,neutral
Really fantastic experience with this winter jacket. The performance is truly fantastic.,positive
The this winter jacket was delivered on Tuesday according to tracking.,neutral
"Five stars for this laptop! superb build, superb features, and superb delivery.",positive
The issue with the coffee machine was unresolved. Truly a frustrating product.,negative
Impressed by how brilliant this smart watch is. Outstanding overall quality!,positive
The meeting has been rescheduled to Thursday at 3:00 PM in Conference Room B.,neutral
Top-notch performance from this laptop. Highly top-grade and efficient.,positive
The issue with the kitchen blender was unresolved. Truly a miserable product.,negative
"Do not buy the wireless earbuds! It is frustrating, broken, and useless.",negative
Frustrating and subpar! this winter jacket stopped working immediately.,negative
Exceeded expectations! this winter jacket is fantastic and worth every dollar.,positive
The team behind this smart watch did an superb job. Very superb service!,positive
this hotel booking is manufactured in specified and distributed globally.,neutral
The this smart watch was delivered on Tuesday according to tracking.,neutral
Way too expensive for such a horrible performance. this winter jacket is garbage.,negative
Frustrating and horrible! the gaming monitor stopped working immediately.,negative
This model of this smart watch comes with default standard options.,neutral
The team behind this laptop did an great job. Very great service!,positive
Information regarding this winter jacket can be found on page 208 of the guide.,neutral
the kitchen blender is manufactured in certified and distributed globally.,neutral
this smart watch was a huge disappointment. subpar material and subpar execution.,negative
Frustrating and defective! this smart watch stopped working immediately.,negative
amazing quality! I am very happy with this online course and will buy again.,positive
Impressed by how impressive the gaming monitor is. Outstanding overall quality!,positive
This model of the coffee machine comes with default standard options.,neutral
Extremely defective experience with the kitchen blender. It was a complete defective purchase.,negative
The movie has a runtime of 125 minutes and is rated PG-13.,neutral
Superb experience! this smart watch arrived outstanding and works like a charm.,positive
Top-notch performance from this laptop. Highly superb and efficient.,positive
Frustrating and frustrating! the wireless earbuds stopped working immediately.,negative
Loved everything about this hotel booking. Truly an excellent product.,positive
The the gaming monitor was delivered on Friday according to tracking.,neutral
"Five stars for this smart watch! impressive build, impressive features, and impressive delivery.",positive
Impressed by how impressive the kitchen blender is. Outstanding overall quality!,positive
The issue with this online course was unresolved. Truly a miserable product.,negative
Extremely horrible experience with the coffee machine. It was a complete horrible purchase.,negative
Extremely dreadful experience with this winter jacket. It was a complete dreadful purchase.,negative
brilliant quality! I am very happy with this smart watch and will buy again.,positive
Terrible customer service regarding this online course. Agent was horrible and unhelpful.,negative
the gaming monitor was a huge disappointment. subpar material and subpar execution.,negative
Loved everything about this winter jacket. Truly an excellent product.,positive
The scheduled update for the kitchen blender will occur next Monday.,neutral
Impressed by how brilliant the coffee machine is. Outstanding overall quality!,positive
Extremely terrible experience with the wireless earbuds. It was a complete terrible purchase.,negative
Extremely subpar experience with this laptop. It was a complete subpar purchase.,negative
Avoid the kitchen blender at all costs. Extremely faulty and poorly manufactured.,negative
Way too expensive for such a miserable performance. this laptop is garbage.,negative
The warranty coverage for the wireless earbuds is standard across all models.,neutral
The team behind the smartphone app did an outstanding job. Very outstanding service!,positive
Extremely defective experience with the kitchen blender. It was a complete defective purchase.,negative
Way too expensive for such a subpar performance. the kitchen blender is garbage.,negative
the smartphone app was a huge disappointment. faulty material and faulty execution.,negative
Terrible customer service regarding this online course. Agent was dreadful and unhelpful.,negative
The shipment of the kitchen blender was processed at the central warehouse.,neutral
The specifications for this laptop indicate a weight of regular.,neutral
this winter jacket is manufactured in standard and distributed globally.,neutral
The team behind this smart watch did an amazing job. Very amazing service!,positive
The issue with the coffee machine was unresolved. Truly a faulty product.,negative
I am so glad I bought the gaming monitor. It works top-grade and has top-grade value.,positive
I am so glad I bought this winter jacket. It works superb and has superb value.,positive
Order containing the gaming monitor was registered under reference number 501.,neutral
Way too expensive for such a horrible performance. this online course is garbage.,negative
this online course operates within the standard voltage range specified.,neutral
Loved everything about the gaming monitor. Truly an amazing product.,positive
"Do not buy the wireless earbuds! It is terrible, broken, and useless.",negative
"Do not buy this online course! It is horrible, broken, and useless.",negative
Avoid the smartphone app at all costs. Extremely dreadful and poorly manufactured.,negative
Order containing the coffee machine was registered under reference number 501.,neutral
Really top-grade experience with the kitchen blender. The performance is truly top-grade.,positive
The shipment of the kitchen blender was processed at the central warehouse.,neutral
I am so glad I bought the wireless earbuds. It works fantastic and has fantastic value.,positive
Exceeded expectations! the wireless earbuds is impressive and worth every dollar.,positive
Order containing this online course was registered under reference number 882.,neutral
"Five stars for the wireless earbuds! fantastic build, fantastic features, and fantastic delivery.",positive
The specifications for the wireless earbuds indicate a weight of regular.,neutral
Very disappointing quality from this smart watch. Failed after just a few days.,negative
this winter jacket was a huge disappointment. horrible material and horrible execution.,negative
Superb experience! this smart watch arrived wonderful and works like a charm.,positive
Terrible customer service regarding the coffee machine. Agent was miserable and unhelpful.,negative
"Do not buy the coffee machine! It is disappointing, broken, and useless.",negative
Avoid this smart watch at all costs. Extremely faulty and poorly manufactured.,negative
Top-notch performance from the kitchen blender. Highly amazing and efficient.,positive
I am so glad I bought the kitchen blender. It works impressive and has impressive value.,positive
"Do not buy this hotel booking! It is faulty, broken, and useless.",negative
The team behind the coffee machine did an amazing job. Very amazing service!,positive
Extremely miserable experience with the gaming monitor. It was a complete miserable purchase.,negative
Impressed by how great the smartphone app is. Outstanding overall quality!,positive
Extremely horrible experience with this online course. It was a complete horrible purchase.,negative
brilliant quality! I am very happy with the coffee machine and will buy again.,positive
the coffee machine is manufactured in regular and distributed globally.,neutral
The team behind the coffee machine did an wonderful job. Very wonderful service!,positive
outstanding quality! I am very happy with this winter jacket and will buy again.,positive
The flight departure is set for 2:30 PM from Gate 14.,neutral
I am so glad I bought the gaming monitor. It works fantastic and has fantastic value.,positive
This model of the gaming monitor comes with certified standard options.,neutral
Avoid the wireless earbuds at all costs. Extremely frustrating and poorly manufactured.,negative
"Do not buy this hotel booking! It is subpar, broken, and useless.",negative
the kitchen blender operates within the standard voltage range specified.,neutral
the coffee machine operates within the standard voltage range specified.,neutral
Really amazing experience with the gaming monitor. The performance is truly amazing.,positive
This model of this smart watch comes with standard standard options.,neutral
I am so glad I bought this winter jacket. It works wonderful and has wonderful value.,positive
Loved everything about the kitchen blender. Truly an great product.,positive
Really great experience with this winter jacket. The performance is truly great.,positive
the kitchen blender is manufactured in certified and distributed globally.,neutral
Terrible customer service regarding the kitchen blender. Agent was faulty and unhelpful.,negative
Top-notch performance from this smart watch. Highly superb and efficient.,positive
wonderful quality! I am very happy with this laptop and will buy again.,positive
Regret buying this online course. The design is disappointing and performance is disappointing.,negative
Top-notch performance from the kitchen blender. Highly amazing and efficient.,positive
Information regarding the smartphone app can be found on page 940 of the guide.,neutral
The scheduled update for this smart watch will occur next Monday.,neutral
Regret buying the gaming monitor. The design is dreadful and performance is dreadful.,negative
Way too expensive for such a disappointing performance. this online course is garbage.,negative
Superb experience! the gaming monitor arrived impressive and works like a charm.,positive
this online course is manufactured in specified and distributed globally.,neutral
"Fast shipping, great communication, and product works exactly as advertised.",positive
Very horrible quality from this winter jacket. Failed after just a few days.,negative
Top-notch performance from the smartphone app. Highly brilliant and efficient.,positive
the kitchen blender operates within the standard voltage range specified.,neutral
The this online course was delivered on Wednesday according to tracking.,neutral
Extremely subpar experience with this hotel booking. It was a complete subpar purchase.,negative
Impressed by how excellent the coffee machine is. Outstanding overall quality!,positive
Regret buying the wireless earbuds. The design is awful and performance is awful.,negative
Information regarding this hotel booking can be found on page 882 of the guide.,neutral
Avoid the smartphone app at all costs. Extremely awful and poorly manufactured.,negative
Regret buying this smart watch. The design is terrible and performance is terrible.,negative
Impressed by how fantastic this winter jacket is. Outstanding overall quality!,positive
"Five stars for the kitchen blender! fantastic build, fantastic features, and fantastic delivery.",positive
the gaming monitor operates within the standard voltage range specified.,neutral
The scheduled update for this online course will occur next Thursday.,neutral
Extremely terrible experience with the smartphone app. It was a complete terrible purchase.,negative
The scheduled update for this smart watch will occur next Tuesday.,neutral
Regret buying this hotel booking. The design is awful and performance is awful.,negative
This model of the smartphone app comes with standard standard options.,neutral
brilliant quality! I am very happy with the wireless earbuds and will buy again.,positive
Superb experience! the smartphone app arrived wonderful and works like a charm.,positive
Superb experience! this laptop arrived fantastic and works like a charm.,positive
The update contains minor bug fixes and security patches.,neutral
amazing quality! I am very happy with the smartphone app and will buy again.,positive
The shipment of the kitchen blender was processed at the central warehouse.,neutral
Really excellent experience with this laptop. The performance is truly excellent.,positive
"Five stars for this hotel booking! excellent build, excellent features, and excellent delivery.",positive
Order containing the gaming monitor was registered under reference number 882.,neutral
The store opens at 9 AM and closes at 8 PM from Monday to Saturday.,neutral
Top-notch performance from the smartphone app. Highly amazing and efficient.,positive
Impressed by how impressive the kitchen blender is. Outstanding overall quality!,positive
Terrible customer service regarding this smart watch. Agent was faulty and unhelpful.,negative
the coffee machine operates within the standard voltage range specified.,neutral
Loved everything about this laptop. Truly an wonderful product.,positive
Order containing the coffee machine was registered under reference number 208.,neutral
Frustrating and awful! this winter jacket stopped working immediately.,negative
Loved everything about the smartphone app. Truly an brilliant product.,positive
Extremely horrible experience with the coffee machine. It was a complete horrible purchase.,negative
The specifications for the wireless earbuds indicate a weight of certified.,neutral
this laptop was a huge disappointment. subpar material and subpar execution.,negative
the coffee machine is manufactured in standard and distributed globally.,neutral
Extremely miserable experience with this winter jacket. It was a complete miserable purchase.,negative
Terrible customer service regarding this laptop. Agent was terrible and unhelpful.,negative
The team behind the gaming monitor did an top-grade job. Very top-grade service!,positive
This model of the wireless earbuds comes with specified standard options.,neutral
the smartphone app was a huge disappointment. disappointing material and disappointing execution.,negative
"Five stars for the kitchen blender! wonderful build, wonderful features, and wonderful delivery.",positive
Really great experience with the coffee machine. The performance is truly great.,positive
I am so glad I bought this laptop. It works top-grade and has top-grade value.,positive
Order containing the kitchen blender was registered under reference number 208.,neutral
The the gaming monitor was delivered on Friday according to tracking.,neutral
The scheduled update for this online course will occur next Monday.,neutral
The shipment of this hotel booking was processed at the central warehouse.,neutral
Order containing the wireless earbuds was registered under reference number 501.,neutral
Superb experience! the gaming monitor arrived fantastic and works like a charm.,positive
Top-notch performance from this laptop. Highly superb and efficient.,positive
The the coffee machine was delivered on Thursday according to tracking.,neutral
"Do not buy the gaming monitor! It is faulty, broken, and useless.",negative
I am so glad I bought this laptop. It works excellent and has excellent value.,positive
The specifications for the wireless earbuds indicate a weight of regular.,neutral
The team behind the coffee machine did an impressive job. Very impressive service!,positive
"Five stars for the gaming monitor! impressive build, impressive features, and impressive delivery.",positive
Top-notch performance from this laptop. Highly fantastic and efficient.,positive
the smartphone app was a huge disappointment. miserable material and miserable execution.,negative
"Do not buy this online course! It is subpar, broken, and useless.",negative
Exceeded expectations! the kitchen blender is great and worth every dollar.,positive
The specifications for this winter jacket indicate a weight of certified.,neutral
Poor build quality. Plastic feels flimsy and screws fell out after one week.,negative
The issue with the coffee machine was unresolved. Truly a terrible product.,negative
The team behind the coffee machine did an outstanding job. Very outstanding service!,positive
Terrible customer service regarding the wireless earbuds. Agent was faulty and unhelpful.,negative
wonderful quality! I am very happy with this hotel booking and will buy again.,positive
The specifications for this online course indicate a weight of specified.,neutral
Terrible customer service regarding this online course. Agent was horrible and unhelpful.,negative
Loved everything about this laptop. Truly an wonderful product.,positive
Order containing this winter jacket was registered under reference number 882.,neutral
Information regarding this hotel booking can be found on page 882 of the guide.,neutral
top-grade quality! I am very happy with this smart watch and will buy again.,positive
The warranty coverage for this winter jacket is standard across all models.,neutral
the smartphone app is manufactured in default and distributed globally.,neutral
I am so glad I bought this smart watch. It works amazing and has amazing value.,positive
The shipment of the coffee machine was processed at the central warehouse.,neutral
Exceeded expectations! this online course is top-grade and worth every dollar.,positive
Extremely awful experience with this hotel booking. It was a complete awful purchase.,negative
Top-notch performance from the wireless earbuds. Highly wonderful and efficient.,positive
The the smartphone app was delivered on Friday according to tracking.,neutral
Really impressive experience with this online course. The performance is truly impressive.,positive
I am so glad I bought this hotel booking. It works excellent and has excellent value.,positive
Exceeded expectations! the kitchen blender is great and worth every dollar.,positive
Order containing this online course was registered under reference number 882.,neutral
Frustrating and terrible! the kitchen blender stopped working immediately.,negative
Extremely dreadful experience with this online course. It was a complete dreadful purchase.,negative
Terrible customer service regarding the wireless earbuds. Agent was awful and unhelpful.,negative
"Five stars for this smart watch! outstanding build, outstanding features, and outstanding delivery.",positive
The shipment of the kitchen blender was processed at the central warehouse.,neutral
Avoid this smart watch at all costs. Extremely horrible and poorly manufactured.,negative
The shipment of the gaming monitor was processed at the central warehouse.,neutral
Really wonderful experience with this hotel booking. The performance is truly wonderful.,positive
The the kitchen blender was delivered on Wednesday according to tracking.,neutral
The shipment of this smart watch was processed at the central warehouse.,neutral
The the gaming monitor was delivered on Wednesday according to tracking.,neutral
The team behind the wireless earbuds did an top-grade job. Very top-grade service!,positive
Very dreadful quality from this laptop. Failed after just a few days.,negative
The specifications for this winter jacket indicate a weight of default.,neutral
Really top-grade experience with this hotel booking. The performance is truly top-grade.,positive
The color is blue and it functions within average parameters.,neutral
This model of this hotel booking comes with regular standard options.,neutral
the gaming monitor was a huge disappointment. terrible material and terrible execution.,negative
Very horrible quality from this hotel booking. Failed after just a few days.,negative
The shipment of the kitchen blender was processed at the central warehouse.,neutral
the kitchen blender was a huge disappointment. awful material and awful execution.,negative
The this laptop was delivered on Wednesday according to tracking.,neutral
The scheduled update for the wireless earbuds will occur next Monday.,neutral
outstanding quality! I am very happy with the kitchen blender and will buy again.,positive
Way too expensive for such a subpar performance. the smartphone app is garbage.,negative
The issue with the smartphone app was unresolved. Truly a frustrating product.,negative
The issue with this laptop was unresolved. Truly a frustrating product.,negative
"Do not buy this hotel booking! It is frustrating, broken, and useless.",negative
The specifications for the wireless earbuds indicate a weight of specified.,neutral
the smartphone app is manufactured in default and distributed globally.,neutral
Really excellent experience with the smartphone app. The performance is truly excellent.,positive
The scheduled update for the smartphone app will occur next Thursday.,neutral
Way too expensive for such a horrible performance. this laptop is garbage.,negative
Frustrating and horrible! the coffee machine stopped working immediately.,negative
Impressed by how brilliant this winter jacket is. Outstanding overall quality!,positive
The warranty coverage for this winter jacket is standard across all models.,neutral
The scheduled update for the gaming monitor will occur next Tuesday.,neutral
The specifications for this smart watch indicate a weight of certified.,neutral
this laptop is manufactured in standard and distributed globally.,neutral
This model of this hotel booking comes with default standard options.,neutral
Top-notch performance from the wireless earbuds. Highly excellent and efficient.,positive
this smart watch was a huge disappointment. miserable material and miserable execution.,negative
Really fantastic experience with this smart watch. The performance is truly fantastic.,positive
Exceeded expectations! this laptop is brilliant and worth every dollar.,positive
The user manual is available for download in PDF format on their website.,neutral
The the wireless earbuds was delivered on Friday according to tracking.,neutral
the gaming monitor was a huge disappointment. subpar material and subpar execution.,negative
this smart watch operates within the standard voltage range specified.,neutral
Way too expensive for such a faulty performance. this winter jacket is garbage.,negative
the kitchen blender is manufactured in standard and distributed globally.,neutral
Avoid this laptop at all costs. Extremely awful and poorly manufactured.,negative
this smart watch operates within the standard voltage range specified.,neutral
This model of this smart watch comes with regular standard options.,neutral
this winter jacket was a huge disappointment. subpar material and subpar execution.,negative
The issue with the coffee machine was unresolved. Truly a dreadful product.,negative
The scheduled update for the wireless earbuds will occur next Wednesday.,neutral
Information regarding this laptop can be found on page 501 of the guide.,neutral
Very horrible quality from this smart watch. Failed after just a few days.,negative
Way too expensive for such a faulty performance. this winter jacket is garbage.,negative
Superb experience! the kitchen blender arrived outstanding and works like a charm.,positive
Impressed by how great this smart watch is. Outstanding overall quality!,positive
"Five stars for the coffee machine! superb build, superb features, and superb delivery.",positive
The issue with this winter jacket was unresolved. Truly a frustrating product.,negative
Order containing this hotel booking was registered under reference number 501.,neutral
Impressed by how top-grade the wireless earbuds is. Outstanding overall quality!,positive
the gaming monitor is manufactured in certified and distributed globally.,neutral
the gaming monitor was a huge disappointment. defective material and defective execution.,negative
The the wireless earbuds was delivered on Wednesday according to tracking.,neutral
Top-notch performance from the smartphone app. Highly outstanding and efficient.,positive
The specifications for this hotel booking indicate a weight of certified.,neutral
Terrible customer service regarding this hotel booking. Agent was horrible and unhelpful.,negative
The shipment of this winter jacket was processed at the central warehouse.,neutral
Loved everything about this winter jacket. Truly an brilliant product.,positive
Order containing this smart watch was registered under reference number 940.,neutral
The this hotel booking was delivered on Thursday according to tracking.,neutral
The this laptop was delivered on Tuesday according to tracking.,neutral
Exceeded expectations! the wireless earbuds is top-grade and worth every dollar.,positive
Information regarding this hotel booking can be found on page 501 of the guide.,neutral
the coffee machine was a huge disappointment. frustrating material and frustrating execution.,negative
Terrible customer service regarding the smartphone app. Agent was dreadful and unhelpful.,negative
Frustrating and miserable! the smartphone app stopped working immediately.,negative
The scheduled update for this smart watch will occur next Friday.,neutral
Superb experience! this laptop arrived outstanding and works like a charm.,positive
Extremely terrible experience with the smartphone app. It was a complete terrible purchase.,negative
The shipment of the gaming monitor was processed at the central warehouse.,neutral
Information regarding this winter jacket can be found on page 501 of the guide.,neutral
Superb experience! the coffee machine arrived brilliant and works like a charm.,positive
The this hotel booking was delivered on Tuesday according to tracking.,neutral
Way too expensive for such a terrible performance. this laptop is garbage.,negative
Impressed by how excellent the smartphone app is. Outstanding overall quality!,positive
I am so glad I bought this hotel booking. It works excellent and has excellent value.,positive
the smartphone app was a huge disappointment. subpar material and subpar execution.,negative
Frustrating and defective! this hotel booking stopped working immediately.,negative
Way too expensive for such a dreadful performance. the coffee machine is garbage.,negative
this laptop was a huge disappointment. horrible material and horrible execution.,negative
The scheduled update for this online course will occur next Monday.,neutral
Order containing the smartphone app was registered under reference number 208.,neutral
I am so glad I bought this online course. It works outstanding and has outstanding value.,positive
Loved everything about this smart watch. Truly an brilliant product.,positive
The warranty coverage for the smartphone app is standard across all models.,neutral
Exceeded expectations! the kitchen blender is excellent and worth every dollar.,positive
Way too expensive for such a awful performance. this hotel booking is garbage.,negative
Order containing this online course was registered under reference number 501.,neutral
Regret buying the wireless earbuds. The design is miserable and performance is miserable.,negative
"Do not buy this online course! It is faulty, broken, and useless.",negative
The scheduled update for the coffee machine will occur next Thursday.,neutral
The issue with this online course was unresolved. Truly a awful product.,negative
I am so glad I bought the smartphone app. It works brilliant and has brilliant value.,positive
Order containing this hotel booking was registered under reference number 104.,neutral
this winter jacket operates within the standard voltage range specified.,neutral
Exceeded expectations! this smart watch is outstanding and worth every dollar.,positive
Top-notch performance from this winter jacket. Highly amazing and efficient.,positive
Top-notch performance from the gaming monitor. Highly top-grade and efficient.,positive
the coffee machine operates within the standard voltage range specified.,neutral
Superb experience! this laptop arrived impressive and works like a charm.,positive
Superb experience! this hotel booking arrived fantastic and works like a charm.,positive
This model of the kitchen blender comes with default standard options.,neutral
The shipment of the kitchen blender was processed at the central warehouse.,neutral
Very subpar quality from this laptop. Failed after just a few days.,negative
Impressed by how brilliant the smartphone app is. Outstanding overall quality!,positive
The scheduled update for the wireless earbuds will occur next Monday.,neutral
Superb experience! this hotel booking arrived excellent and works like a charm.,positive
Top-notch performance from this online course. Highly great and efficient.,positive
The this online course was delivered on Tuesday according to tracking.,neutral
Avoid the wireless earbuds at all costs. Extremely dreadful and poorly manufactured.,negative
fantastic quality! I am very happy with the kitchen blender and will buy again.,positive
Really impressive experience with the coffee machine. The performance is truly impressive.,positive
Terrible customer service regarding this hotel booking. Agent was faulty and unhelpful.,negative
Terrible customer service regarding this laptop. Agent was dreadful and unhelpful.,negative
The warranty coverage for this winter jacket is standard across all models.,neutral
Extremely pleased with my purchase. Will definitely recommend to all my friends!,positive
The warranty coverage for this hotel booking is standard across all models.,neutral
"Five stars for the kitchen blender! fantastic build, fantastic features, and fantastic delivery.",positive
Regret buying this laptop. The design is subpar and performance is subpar.,negative
Regret buying the coffee machine. The design is disappointing and performance is disappointing.,negative
The warranty coverage for the gaming monitor is standard across all models.,neutral
"The app is laggy, full of bugs, and keeps freezing during checkout. Very annoying.",negative
this smart watch operates within the standard voltage range specified.,neutral
Exceeded expectations! this smart watch is fantastic and worth every dollar.,positive
The issue with this smart watch was unresolved. Truly a frustrating product.,negative
Impressed by how top-grade this hotel booking is. Outstanding overall quality!,positive
Avoid this hotel booking at all costs. Extremely miserable and poorly manufactured.,negative
Very faulty quality from this laptop. Failed after just a few days.,negative
The shipment of the wireless earbuds was processed at the central warehouse.,neutral
Frustrating and terrible! the wireless earbuds stopped working immediately.,negative
The specifications for this laptop indicate a weight of specified.,neutral
Order containing the wireless earbuds was registered under reference number 882.,neutral
Loved everything about this winter jacket. Truly an outstanding product.,positive
Frustrating and subpar! this online course stopped working immediately.,negative
"Five stars for this smart watch! great build, great features, and great delivery.",positive
Extremely miserable experience with this laptop. It was a complete miserable purchase.,negative
Really excellent experience with this online course. The performance is truly excellent.,positive
Exceeded expectations! the gaming monitor is amazing and worth every dollar.,positive
Order containing this winter jacket was registered under reference number 882.,neutral
Superb experience! this hotel booking arrived outstanding and works like a charm.,positive
Regret buying this winter jacket. The design is frustrating and performance is frustrating.,negative
"This product is available in three color options: black, white, and silver.",neutral
Order containing the smartphone app was registered under reference number 208.,neutral
Top-notch performance from the wireless earbuds. Highly outstanding and efficient.,positive
"The phone isn't bad at all, actually works surprisingly well.",positive
The this smart watch was delivered on Wednesday according to tracking.,neutral
The warranty coverage for this hotel booking is standard across all models.,neutral
The specifications for this online course indicate a weight of default.,neutral
Avoid the coffee machine at all costs. Extremely subpar and poorly manufactured.,negative
The shipment of this hotel booking was processed at the central warehouse.,neutral
the coffee machine operates within the standard voltage range specified.,neutral
The shipment of the coffee machine was processed at the central warehouse.,neutral
Impressed by how fantastic this online course is. Outstanding overall quality!,positive
this hotel booking is manufactured in specified and distributed globally.,neutral
Information regarding this laptop can be found on page 501 of the guide.,neutral
I am so glad I bought this laptop. It works top-grade and has top-grade value.,positive
Terrible customer service regarding the wireless earbuds. Agent was disappointing and unhelpful.,negative
this hotel booking is manufactured in regular and distributed globally.,neutral
"Five stars for this laptop! great build, great features, and great delivery.",positive
the wireless earbuds was a huge disappointment. horrible material and horrible execution.,negative
Top-notch performance from the gaming monitor. Highly brilliant and efficient.,positive
This model of this online course comes with specified standard options.,neutral
This model of the gaming monitor comes with default standard options.,neutral
"Five stars for the smartphone app! amazing build, amazing features, and amazing delivery.",positive
Order containing the gaming monitor was registered under reference number 940.,neutral
I am so glad I bought the wireless earbuds. It works great and has great value.,positive
The specifications for this winter jacket indicate a weight of standard.,neutral
Way too expensive for such a disappointing performance. this smart watch is garbage.,negative
The warranty coverage for this winter jacket is standard across all models.,neutral
The specifications for this online course indicate a weight of specified.,neutral
Very horrible quality from this winter jacket. Failed after just a few days.,negative
Information regarding the gaming monitor can be found on page 940 of the guide.,neutral
Exceeded expectations! this online course is excellent and worth every dollar.,positive
The scheduled update for the coffee machine will occur next Tuesday.,neutral
Extremely disappointing experience with the kitchen blender. It was a complete disappointing purchase.,negative
The warranty coverage for this hotel booking is standard across all models.,neutral
Terrible customer service regarding the kitchen blender. Agent was frustrating and unhelpful.,negative
Order containing this winter jacket was registered under reference number 940.,neutral
Exceeded expectations! this smart watch is superb and worth every dollar.,positive
Top-notch performance from the wireless earbuds. Highly excellent and efficient.,positive
The scheduled update for this winter jacket will occur next Monday.,neutral
Information regarding the coffee machine can be found on page 104 of the guide.,neutral
"Five stars for the wireless earbuds! top-grade build, top-grade features, and top-grade delivery.",positive
Terrible customer service regarding the gaming monitor. Agent was terrible and unhelpful.,negative
Loved everything about this hotel booking. Truly an fantastic product.,positive
this smart watch was a huge disappointment. defective material and defective execution.,negative
Top-notch performance from the smartphone app. Highly superb and efficient.,positive
Really superb experience with the wireless earbuds. The performance is truly superb.,positive
Top-notch performance from this smart watch. Highly superb and efficient.,positive
The warranty period lasts for 12 months from the date of purchase.,neutral
the smartphone app operates within the standard voltage range specified.,neutral
The the gaming monitor was delivered on Friday according to tracking.,neutral
Very terrible quality from this online course. Failed after just a few days.,negative
I am so glad I bought the coffee machine. It works impressive and has impressive value.,positive
The issue with the kitchen blender was unresolved. Truly a dreadful product.,negative
The scheduled update for this smart watch will occur next Wednesday.,neutral
the kitchen blender was a huge disappointment. disappointing material and disappointing execution.,negative
Superb experience! the kitchen blender arrived impressive and works like a charm.,positive
wonderful quality! I am very happy with this hotel booking and will buy again.,positive
the wireless earbuds was a huge disappointment. miserable material and miserable execution.,negative
Impressed by how excellent this winter jacket is. Outstanding overall quality!,positive
"Five stars for this winter jacket! excellent build, excellent features, and excellent delivery.",positive
Way too expensive for such a defective performance. this online course is garbage.,negative
The shipment of the coffee machine was processed at the central warehouse.,neutral
Exceeded expectations! the smartphone app is wonderful and worth every dollar.,positive
This model of the kitchen blender comes with regular standard options.,neutral
Really impressive experience with the kitchen blender. The performance is truly impressive.,positive
The the smartphone app was delivered on Thursday according to tracking.,neutral
Loved everything about the coffee machine. Truly an top-grade product.,positive
Way too expensive for such a disappointing performance. this smart watch is garbage.,negative
Terrible customer service regarding the gaming monitor. Agent was defective and unhelpful.,negative
this laptop is manufactured in specified and distributed globally.,neutral
this laptop operates within the standard voltage range specified.,neutral
"Five stars for this hotel booking! top-grade build, top-grade features, and top-grade delivery.",positive
I am so glad I bought this hotel booking. It works amazing and has amazing value.,positive
The specifications for the coffee machine indicate a weight of specified.,neutral
This model of the wireless earbuds comes with specified standard options.,neutral
Avoid this hotel booking at all costs. Extremely dreadful and poorly manufactured.,negative
Really superb experience with this online course. The performance is truly superb.,positive
Loved everything about this online course. Truly an top-grade product.,positive
Exceeded expectations! the coffee machine is amazing and worth every dollar.,positive
"Do not buy this laptop! It is awful, broken, and useless.",negative
Regret buying the gaming monitor. The design is awful and performance is awful.,negative
Regret buying this smart watch. The design is subpar and performance is subpar.,negative
Exceeded expectations! the gaming monitor is top-grade and worth every dollar.,positive
the smartphone app operates within the standard voltage range specified.,neutral
I am so glad I bought this laptop. It works excellent and has excellent value.,positive
"Five stars for this smart watch! wonderful build, wonderful features, and wonderful delivery.",positive
Information regarding the smartphone app can be found on page 882 of the guide.,neutral
The issue with the wireless earbuds was unresolved. Truly a subpar product.,negative
Terrible customer service regarding this online course. Agent was dreadful and unhelpful.,negative
Order containing this hotel booking was registered under reference number 104.,neutral
The the coffee machine was delivered on Thursday according to tracking.,neutral
Extremely subpar experience with this smart watch. It was a complete subpar purchase.,negative
"Do not buy this smart watch! It is miserable, broken, and useless.",negative
Way too expensive for such a awful performance. the kitchen blender is garbage.,negative
Super comfortable shoes for running and daily workouts. Fits like a glove!,positive
This model of the kitchen blender comes with regular standard options.,neutral
Exceeded expectations! the coffee machine is top-grade and worth every dollar.,positive
Superb experience! this laptop arrived brilliant and works like a charm.,positive
Avoid the wireless earbuds at all costs. Extremely awful and poorly manufactured.,negative
I am so glad I bought the smartphone app. It works impressive and has impressive value.,positive
"Five stars for this winter jacket! excellent build, excellent features, and excellent delivery.",positive
Really superb experience with this winter jacket. The performance is truly superb.,positive
Order containing the kitchen blender was registered under reference number 501.,neutral
The shipment of the kitchen blender was processed at the central warehouse.,neutral
Extremely subpar experience with this hotel booking. It was a complete subpar purchase.,negative
Loved everything about this winter jacket. Truly an top-grade product.,positive
the smartphone app operates within the standard voltage range specified.,neutral
Regret buying this laptop. The design is miserable and performance is miserable.,negative
the wireless earbuds was a huge disappointment. awful material and awful execution.,negative
I am so glad I bought this laptop. It works outstanding and has outstanding value.,positive
Avoid the coffee machine at all costs. Extremely awful and poorly manufactured.,negative
I am so glad I bought the coffee machine. It works impressive and has impressive value.,positive
the coffee machine operates within the standard voltage range specified.,neutral
Loved everything about this smart watch. Truly an top-grade product.,positive
This model of this online course comes with specified standard options.,neutral
The this smart watch was delivered on Thursday according to tracking.,neutral
I am so glad I bought this smart watch. It works superb and has superb value.,positive
The team behind this smart watch did an fantastic job. Very fantastic service!,positive
The shipment of this winter jacket was processed at the central warehouse.,neutral
the coffee machine operates within the standard voltage range specified.,neutral
I am so glad I bought this laptop. It works outstanding and has outstanding value.,positive
Loved everything about this laptop. Truly an brilliant product.,positive
The shipment of this hotel booking was processed at the central warehouse.,neutral
Really top-grade experience with the smartphone app. The performance is truly top-grade.,positive
the kitchen blender is manufactured in regular and distributed globally.,neutral
The warranty coverage for the smartphone app is standard across all models.,neutral
The shipment of this hotel booking was processed at the central warehouse.,neutral
Really excellent experience with the coffee machine. The performance is truly excellent.,positive
Very frustrating quality from the coffee machine. Failed after just a few days.,negative
Impressed by how top-grade this online course is. Outstanding overall quality!,positive
Top-notch performance from this online course. Highly superb and efficient.,positive
This model of the kitchen blender comes with default standard options.,neutral
Way too expensive for such a dreadful performance. the gaming monitor is garbage.,negative
The scheduled update for this smart watch will occur next Wednesday.,neutral
Order containing the wireless earbuds was registered under reference number 208.,neutral
this smart watch is manufactured in certified and distributed globally.,neutral
The specifications for the wireless earbuds indicate a weight of standard.,neutral
The this online course was delivered on Thursday according to tracking.,neutral
Information regarding this smart watch can be found on page 882 of the guide.,neutral
the gaming monitor was a huge disappointment. horrible material and horrible execution.,negative
Frustrating and miserable! this winter jacket stopped working immediately.,negative
Really amazing experience with this online course. The performance is truly amazing.,positive
the smartphone app was a huge disappointment. terrible material and terrible execution.,negative
The scheduled update for the wireless earbuds will occur next Monday.,neutral
Top-notch performance from this hotel booking. Highly excellent and efficient.,positive
The product dimensions are 10 inches by 5 inches and weighs approximately 2 pounds.,neutral
The shipment of this online course was processed at the central warehouse.,neutral
Frustrating and miserable! this online course stopped working immediately.,negative
The scheduled update for the wireless earbuds will occur next Monday.,neutral
the coffee machine was a huge disappointment. awful material and awful execution.,negative
The scheduled update for the gaming monitor will occur next Monday.,neutral
Regret buying the wireless earbuds. The design is subpar and performance is subpar.,negative
Superb experience! this winter jacket arrived superb and works like a charm.,positive
I am so glad I bought this online course. It works outstanding and has outstanding value.,positive
the wireless earbuds operates within the standard voltage range specified.,neutral
Information regarding the kitchen blender can be found on page 501 of the guide.,neutral
Exceeded expectations! this online course is top-grade and worth every dollar.,positive
The issue with the gaming monitor was unresolved. Truly a disappointing product.,negative
Regret buying this hotel booking. The design is subpar and performance is subpar.,negative
The shipment of the coffee machine was processed at the central warehouse.,neutral
Frustrating and disappointing! the kitchen blender stopped working immediately.,negative
The issue with this online course was unresolved. Truly a awful product.,negative
Very dreadful quality from the gaming monitor. Failed after just a few days.,negative
"Do not buy the wireless earbuds! It is subpar, broken, and useless.",negative
superb quality! I am very happy with the smartphone app and will buy again.,positive
Loved everything about this smart watch. Truly an superb product.,positive
"Five stars for this winter jacket! impressive build, impressive features, and impressive delivery.",positive
Terrible customer service regarding the smartphone app. Agent was subpar and unhelpful.,negative
the smartphone app is manufactured in regular and distributed globally.,neutral
the coffee machine operates within the standard voltage range specified.,neutral
Terrible customer service regarding this laptop. Agent was faulty and unhelpful.,negative
Order containing the coffee machine was registered under reference number 208.,neutral
"Do not buy this smart watch! It is faulty, broken, and useless.",negative
Superb experience! this laptop arrived wonderful and works like a charm.,positive
I am so glad I bought this smart watch. It works wonderful and has wonderful value.,positive
The shipment of this laptop was processed at the central warehouse.,neutral
this online course is manufactured in regular and distributed globally.,neutral
Loved everything about the wireless earbuds. Truly an top-grade product.,positive
Wonderful experience staying at this hotel. Rooms were spotless and staff was friendly.,positive
Loved everything about this winter jacket. Truly an excellent product.,positive
Exceeded expectations! this online course is superb and worth every dollar.,positive
Way too expensive for such a disappointing performance. the smartphone app is garbage.,negative
Terrible customer service regarding this laptop. Agent was defective and unhelpful.,negative
The issue with the kitchen blender was unresolved. Truly a horrible product.,negative
Exceeded expectations! the coffee machine is brilliant and worth every dollar.,positive
Exceeded expectations! this winter jacket is wonderful and worth every dollar.,positive
this hotel booking was a huge disappointment. miserable material and miserable execution.,negative
Avoid the wireless earbuds at all costs. Extremely horrible and poorly manufactured.,negative
Avoid this hotel booking at all costs. Extremely miserable and poorly manufactured.,negative
"Five stars for the gaming monitor! top-grade build, top-grade features, and top-grade delivery.",positive
Superb experience! the smartphone app arrived excellent and works like a charm.,positive
The the coffee machine was delivered on Thursday according to tracking.,neutral
Regret buying the coffee machine. The design is awful and performance is awful.,negative
Top-notch performance from the gaming monitor. Highly outstanding and efficient.,positive
The this winter jacket was delivered on Wednesday according to tracking.,neutral
Loved everything about the wireless earbuds. Truly an amazing product.,positive
Loved everything about the coffee machine. Truly an top-grade product.,positive
I am so glad I bought the coffee machine. It works wonderful and has wonderful value.,positive
the coffee machine operates within the standard voltage range specified.,neutral
Avoid the wireless earbuds at all costs. Extremely defective and poorly manufactured.,negative
this winter jacket was a huge disappointment. dreadful material and dreadful execution.,negative
this winter jacket is manufactured in certified and distributed globally.,neutral
Top-notch performance from the coffee machine. Highly fantastic and efficient.,positive
The shipment of the smartphone app was processed at the central warehouse.,neutral
Very miserable quality from this laptop. Failed after just a few days.,negative
Loved everything about the gaming monitor. Truly an great product.,positive
Frustrating and subpar! this online course stopped working immediately.,negative
Avoid this laptop at all costs. Extremely miserable and poorly manufactured.,negative
"The meal was delicious, the ambiance was cozy, and the staff were exceptionally polite.",positive
Frustrating and terrible! the gaming monitor stopped working immediately.,negative
The team behind this laptop did an excellent job. Very excellent service!,positive
Impressed by how excellent this hotel booking is. Outstanding overall quality!,positive
"This flight was on time, super smooth, and the flight attendants were extremely courteous.",positive
I am so glad I bought this smart watch. It works wonderful and has wonderful value.,positive
Top-notch performance from this smart watch. Highly great and efficient.,positive
Way too expensive for such a frustrating performance. this laptop is garbage.,negative
Delivery took three weeks longer than promised and box was smashed.,negative
The team behind the coffee machine did an outstanding job. Very outstanding service!,positive
Impressed by how outstanding the wireless earbuds is. Outstanding overall quality!,positive
Impressed by how wonderful the smartphone app is. Outstanding overall quality!,positive
This model of the kitchen blender comes with certified standard options.,neutral
Frustrating and horrible! the wireless earbuds stopped working immediately.,negative
Terrible customer service regarding the wireless earbuds. Agent was horrible and unhelpful.,negative
Frustrating and horrible! this hotel booking stopped working immediately.,negative
this smart watch operates within the standard voltage range specified.,neutral
the smartphone app was a huge disappointment. disappointing material and disappointing execution.,negative
The shipment of this smart watch was processed at the central warehouse.,neutral
Way too expensive for such a disappointing performance. the wireless earbuds is garbage.,negative
The specifications for the kitchen blender indicate a weight of standard.,neutral
Terrible customer service regarding the gaming monitor. Agent was disappointing and unhelpful.,negative
Order containing the gaming monitor was registered under reference number 104.,neutral
Information regarding the wireless earbuds can be found on page 501 of the guide.,neutral
The team behind this smart watch did an brilliant job. Very brilliant service!,positive
Impressed by how top-grade the smartphone app is. Outstanding overall quality!,positive
Really fantastic experience with the wireless earbuds. The performance is truly fantastic.,positive
Top-notch performance from this online course. Highly top-grade and efficient.,positive
Avoid the wireless earbuds at all costs. Extremely horrible and poorly manufactured.,negative
Regret buying this online course. The design is miserable and performance is miserable.,negative
the coffee machine is manufactured in default and distributed globally.,neutral
I am so glad I bought the wireless earbuds. It works superb and has superb value.,positive
Exceeded expectations! the gaming monitor is amazing and worth every dollar.,positive
Frustrating and subpar! this laptop stopped working immediately.,negative
Very frustrating quality from the smartphone app. Failed after just a few days.,negative
this laptop was a huge disappointment. miserable material and miserable execution.,negative
Regret buying this hotel booking. The design is miserable and performance is miserable.,negative
The this laptop was delivered on Wednesday according to tracking.,neutral
Frustrating and horrible! the gaming monitor stopped working immediately.,negative
I am so glad I bought this laptop. It works wonderful and has wonderful value.,positive
Order containing this laptop was registered under reference number 940.,neutral
Regret buying this smart watch. The design is miserable and performance is miserable.,negative
"I was expecting a disaster, but it turned out to be quite decent.",positive
The shipment of this laptop was processed at the central warehouse.,neutral
The team behind the wireless earbuds did an outstanding job. Very outstanding service!,positive
Superb experience! this laptop arrived great and works like a charm.,positive
Way too expensive for such a miserable performance. the wireless earbuds is garbage.,negative
"Awful movie with terrible dialogue, poor pacing, and flat acting throughout.",negative
I am so glad I bought this hotel booking. It works top-grade and has top-grade value.,positive
The shipment of this laptop was processed at the central warehouse.,neutral
This model of this online course comes with regular standard options.,neutral
Top-notch performance from this smart watch. Highly impressive and efficient.,positive
Regret buying this smart watch. The design is awful and performance is awful.,negative
The scheduled update for the wireless earbuds will occur next Tuesday.,neutral
Impressed by how impressive the smartphone app is. Outstanding overall quality!,positive
Order containing this winter jacket was registered under reference number 940.,neutral
Really brilliant experience with the coffee machine. The performance is truly brilliant.,positive
"Do not buy the coffee machine! It is frustrating, broken, and useless.",negative
Frustrating and awful! the smartphone app stopped working immediately.,negative
The warranty coverage for this online course is standard across all models.,neutral
Avoid this online course at all costs. Extremely horrible and poorly manufactured.,negative
Information regarding the coffee machine can be found on page 940 of the guide.,neutral
The scheduled update for the coffee machine will occur next Friday.,neutral
Superb experience! the wireless earbuds arrived fantastic and works like a charm.,positive
Top-notch performance from this laptop. Highly superb and efficient.,positive
Way too expensive for such a frustrating performance. this laptop is garbage.,negative
Superb experience! the wireless earbuds arrived excellent and works like a charm.,positive
Avoid this hotel booking at all costs. Extremely disappointing and poorly manufactured.,negative
"Great battery life, sleek design, and blazingly fast performance. Highly recommended!",positive
Best purchase I've made all year. High quality materials and worth every penny.,positive
The team behind the coffee machine did an superb job. Very superb service!,positive
The specifications for this online course indicate a weight of standard.,neutral
Very terrible quality from the wireless earbuds. Failed after just a few days.,negative
the coffee machine was a huge disappointment. faulty material and faulty execution.,negative
The team behind this hotel booking did an impressive job. Very impressive service!,positive
The this winter jacket was delivered on Tuesday according to tracking.,neutral
Impressed by how amazing this winter jacket is. Outstanding overall quality!,positive
Terrible customer service regarding the coffee machine. Agent was subpar and unhelpful.,negative
The latest update completely ruined the application. Crashes every time I open it.,negative
The shipment of the wireless earbuds was processed at the central warehouse.,neutral
Very miserable quality from the wireless earbuds. Failed after just a few days.,negative
Regret buying the coffee machine. The design is miserable and performance is miserable.,negative
"Do not buy the gaming monitor! It is faulty, broken, and useless.",negative
The the smartphone app was delivered on Wednesday according to tracking.,neutral
Avoid this laptop at all costs. Extremely dreadful and poorly manufactured.,negative
Avoid the smartphone app at all costs. Extremely frustrating and poorly manufactured.,negative
Terrible customer service regarding the wireless earbuds. Agent was terrible and unhelpful.,negative
Way too expensive for such a terrible performance. the wireless earbuds is garbage.,negative
The shipment of this hotel booking was processed at the central warehouse.,neutral
The team behind the coffee machine did an outstanding job. Very outstanding service!,positive
Flight was delayed for three hours without any explanation or compensation. Very frustrated!,negative
The team behind the coffee machine did an impressive job. Very impressive service!,positive
"Do not buy the kitchen blender! It is faulty, broken, and useless.",negative
"The package contains one device, a charging cable, and a user manual.",neutral
The team behind the kitchen blender did an top-grade job. Very top-grade service!,positive
The team behind the kitchen blender did an excellent job. Very excellent service!,positive
The hotel is located two miles from the downtown city center.,neutral
Terrible customer service regarding this winter jacket. Agent was awful and unhelpful.,negative
"Five stars for the gaming monitor! fantastic build, fantastic features, and fantastic delivery.",positive
Loved everything about the coffee machine. Truly an fantastic product.,positive
Order containing this smart watch was registered under reference number 501.,neutral
The issue with the coffee machine was unresolved. Truly a defective product.,negative
Superb experience! the gaming monitor arrived amazing and works like a charm.,positive
this hotel booking is manufactured in default and distributed globally.,neutral
this winter jacket is manufactured in regular and distributed globally.,neutral
Very terrible quality from the gaming monitor. Failed after just a few days.,negative
The software version 2.1 was released on Tuesday morning.,neutral
The scheduled update for this smart watch will occur next Friday.,neutral
The team behind the coffee machine did an excellent job. Very excellent service!,positive
The shipment of this laptop was processed at the central warehouse.,neutral
Regret buying this winter jacket. The design is disappointing and performance is disappointing.,negative
Frustrating and awful! this hotel booking stopped working immediately.,negative
the kitchen blender is manufactured in certified and distributed globally.,neutral
"Five stars for this online course! great build, great features, and great delivery.",positive
The shipment of the gaming monitor was processed at the central warehouse.,neutral
Avoid the gaming monitor at all costs. Extremely terrible and poorly manufactured.,negative
Impressed by how top-grade this laptop is. Outstanding overall quality!,positive
The specifications for the smartphone app indicate a weight of default.,neutral
The the wireless earbuds was delivered on Thursday according to tracking.,neutral
This model of the kitchen blender comes with certified standard options.,neutral
The specifications for this winter jacket indicate a weight of specified.,neutral
Loved everything about the kitchen blender. Truly an great product.,positive
Terrible customer service regarding the coffee machine. Agent was miserable and unhelpful.,negative
Superb experience! the gaming monitor arrived impressive and works like a charm.,positive
"Do not buy this laptop! It is dreadful, broken, and useless.",negative
This model of this winter jacket comes with default standard options.,neutral
Loved everything about the coffee machine. Truly an superb product.,positive
Exceeded expectations! this online course is excellent and worth every dollar.,positive
Regret buying the smartphone app. The design is disappointing and performance is disappointing.,negative
Top-notch performance from this online course. Highly brilliant and efficient.,positive
Exceeded expectations! this online course is brilliant and worth every dollar.,positive
Very horrible quality from this winter jacket. Failed after just a few days.,negative
The issue with the gaming monitor was unresolved. Truly a terrible product.,negative
Top-notch performance from the coffee machine. Highly outstanding and efficient.,positive
The scheduled update for the wireless earbuds will occur next Tuesday.,neutral
The shipment of this winter jacket was processed at the central warehouse.,neutral
"Five stars for the gaming monitor! superb build, superb features, and superb delivery.",positive
the smartphone app operates within the standard voltage range specified.,neutral
Received the item yesterday. It matches the specifications listed on the website.,neutral
The issue with this laptop was unresolved. Truly a miserable product.,negative
The issue with this laptop was unresolved. Truly a horrible product.,negative
Impressed by how top-grade this smart watch is. Outstanding overall quality!,positive
this online course is manufactured in regular and distributed globally.,neutral
The laptop features 16GB of RAM and 512GB SSD storage.,neutral
The scheduled update for the kitchen blender will occur next Monday.,neutral
Top-notch performance from this hotel booking. Highly amazing and efficient.,positive
Superb experience! this laptop arrived top-grade and works like a charm.,positive
Regret buying the kitchen blender. The design is disappointing and performance is disappointing.,negative
The warranty coverage for the gaming monitor is standard across all models.,neutral
Way too expensive for such a defective performance. this laptop is garbage.,negative
The warranty coverage for this smart watch is standard across all models.,neutral
Loved everything about the kitchen blender. Truly an superb product.,positive
I am so glad I bought the wireless earbuds. It works fantastic and has fantastic value.,positive
Top-notch performance from the gaming monitor. Highly amazing and efficient.,positive
amazing quality! I am very happy with this online course and will buy again.,positive
The warranty coverage for this winter jacket is standard across all models.,neutral
Impressed by how outstanding the smartphone app is. Outstanding overall quality!,positive
the smartphone app operates within the standard voltage range specified.,neutral
Exceeded expectations! this winter jacket is amazing and worth every dollar.,positive
Avoid the coffee machine at all costs. Extremely defective and poorly manufactured.,negative
I am so glad I bought the smartphone app. It works great and has great value.,positive
Impressed by how great this smart watch is. Outstanding overall quality!,positive
Loved everything about this winter jacket. Truly an top-grade product.,positive
Top-notch performance from the smartphone app. Highly excellent and efficient.,positive
Exceeded expectations! this online course is impressive and worth every dollar.,positive
Regret buying this hotel booking. The design is miserable and performance is miserable.,negative
Exceeded expectations! this online course is wonderful and worth every dollar.,positive
Terrible customer service regarding this online course. Agent was subpar and unhelpful.,negative
"Five stars for the coffee machine! excellent build, excellent features, and excellent delivery.",positive
Terrible customer service regarding this hotel booking. Agent was awful and unhelpful.,negative
this online course operates within the standard voltage range specified.,neutral
this hotel booking was a huge disappointment. awful material and awful execution.,negative
Avoid the coffee machine at all costs. Extremely horrible and poorly manufactured.,negative
Order containing this hotel booking was registered under reference number 940.,neutral
I am so glad I bought this hotel booking. It works excellent and has excellent value.,positive
brilliant quality! I am very happy with the coffee machine and will buy again.,positive
"Five stars for this smart watch! fantastic build, fantastic features, and fantastic delivery.",positive
Impressed by how top-grade the smartphone app is. Outstanding overall quality!,positive
The shipment of the kitchen blender was processed at the central warehouse.,neutral
Frustrating and awful! the kitchen blender stopped working immediately.,negative
this laptop operates within the standard voltage range specified.,neutral
Top-notch performance from the coffee machine. Highly amazing and efficient.,positive
The scheduled update for the wireless earbuds will occur next Monday.,neutral
the kitchen blender operates within the standard voltage range specified.,neutral
The specifications for the kitchen blender indicate a weight of standard.,neutral
Regret buying this online course. The design is miserable and performance is miserable.,negative
the coffee machine was a huge disappointment. disappointing material and disappointing execution.,negative
Frustrating and terrible! this hotel booking stopped working immediately.,negative
top-grade quality! I am very happy with the kitchen blender and will buy again.,positive
Superb experience! the gaming monitor arrived outstanding and works like a charm.,positive
The scheduled update for this winter jacket will occur next Friday.,neutral
The team behind this laptop did an impressive job. Very impressive service!,positive
Loved everything about this online course. Truly an great product.,positive
this hotel booking was a huge disappointment. horrible material and horrible execution.,negative
I am so glad I bought the coffee machine. It works fantastic and has fantastic value.,positive
The specifications for the kitchen blender indicate a weight of standard.,neutral
Frustrating and awful! this winter jacket stopped working immediately.,negative
"Five stars for the gaming monitor! excellent build, excellent features, and excellent delivery.",positive
this laptop operates within the standard voltage range specified.,neutral
The specifications for this laptop indicate a weight of certified.,neutral
"Five stars for the gaming monitor! outstanding build, outstanding features, and outstanding delivery.",positive
Loved everything about the gaming monitor. Truly an great product.,positive
Way too expensive for such a defective performance. this online course is garbage.,negative
Misleading advertisement! Features listed on the box are completely absent.,negative
Regret buying the wireless earbuds. The design is frustrating and performance is frustrating.,negative
The specifications for this online course indicate a weight of default.,neutral
superb quality! I am very happy with this winter jacket and will buy again.,positive
Loved everything about the kitchen blender. Truly an outstanding product.,positive
Frustrating and terrible! this online course stopped working immediately.,negative
The issue with this winter jacket was unresolved. Truly a subpar product.,negative
Frustrating and faulty! the gaming monitor stopped working immediately.,negative
The shipment of the coffee machine was processed at the central warehouse.,neutral
Extremely miserable experience with the smartphone app. It was a complete miserable purchase.,negative
Information regarding this laptop can be found on page 940 of the guide.,neutral
I am so glad I bought the kitchen blender. It works amazing and has amazing value.,positive
Really great experience with the coffee machine. The performance is truly great.,positive
Very frustrating quality from the smartphone app. Failed after just a few days.,negative
brilliant quality! I am very happy with this hotel booking and will buy again.,positive
Really top-grade experience with the coffee machine. The performance is truly top-grade.,positive
Frustrating and disappointing! the smartphone app stopped working immediately.,negative
Frustrating and subpar! the coffee machine stopped working immediately.,negative
this laptop operates within the standard voltage range specified.,neutral
The this smart watch was delivered on Wednesday according to tracking.,neutral
Top-notch performance from this hotel booking. Highly wonderful and efficient.,positive
Avoid the smartphone app at all costs. Extremely awful and poorly manufactured.,negative
Avoid this winter jacket at all costs. Extremely subpar and poorly manufactured.,negative
"Do not buy the coffee machine! It is subpar, broken, and useless.",negative
The issue with this hotel booking was unresolved. Truly a defective product.,negative
"Oh great, another delay on my morning flight. Just what I needed today!",negative
Information regarding the coffee machine can be found on page 882 of the guide.,neutral
this online course is manufactured in certified and distributed globally.,neutral
Superb experience! the coffee machine arrived impressive and works like a charm.,positive
This model of the gaming monitor comes with certified standard options.,neutral
this winter jacket was a huge disappointment. miserable material and miserable execution.,negative
The warranty coverage for this laptop is standard across all models.,neutral
"Five stars for this online course! amazing build, amazing features, and amazing delivery.",positive
Terrible customer service regarding this online course. Agent was defective and unhelpful.,negative
"Do not buy the coffee machine! It is horrible, broken, and useless.",negative
"Do not buy the smartphone app! It is horrible, broken, and useless.",negative
Extremely miserable experience with this laptop. It was a complete miserable purchase.,negative
Way too expensive for such a subpar performance. this hotel booking is garbage.,negative
this online course is manufactured in standard and distributed globally.,neutral
this online course was a huge disappointment. faulty material and faulty execution.,negative
"Five stars for the gaming monitor! great build, great features, and great delivery.",positive
Exceeded expectations! the gaming monitor is outstanding and worth every dollar.,positive
Regret buying this hotel booking. The design is defective and performance is defective.,negative
"Do not buy this online course! It is awful, broken, and useless.",negative
Information regarding the smartphone app can be found on page 104 of the guide.,neutral
Loved everything about the wireless earbuds. Truly an impressive product.,positive
Really brilliant experience with this laptop. The performance is truly brilliant.,positive
"Five stars for the smartphone app! excellent build, excellent features, and excellent delivery.",positive
Order containing this smart watch was registered under reference number 501.,neutral
Loved everything about the wireless earbuds. Truly an outstanding product.,positive
This model of this laptop comes with specified standard options.,neutral
Top-notch performance from this laptop. Highly fantastic and efficient.,positive
The specifications for the kitchen blender indicate a weight of specified.,neutral
this smart watch is manufactured in specified and distributed globally.,neutral
Really wonderful experience with this winter jacket. The performance is truly wonderful.,positive
Information regarding this online course can be found on page 104 of the guide.,neutral
The the kitchen blender was delivered on Friday according to tracking.,neutral
The shipment of this smart watch was processed at the central warehouse.,neutral
Amazing concert experience! The sound quality and stage lighting were spectacular.,positive
Top-notch performance from this laptop. Highly top-grade and efficient.,positive
Order containing the wireless earbuds was registered under reference number 882.,neutral
Avoid the gaming monitor at all costs. Extremely faulty and poorly manufactured.,negative
The team behind this winter jacket did an outstanding job. Very outstanding service!,positive
The issue with this laptop was unresolved. Truly a awful product.,negative
this smart watch was a huge disappointment. miserable material and miserable execution.,negative
Exceeded expectations! the kitchen blender is top-grade and worth every dollar.,positive
The specifications for the wireless earbuds indicate a weight of default.,neutral
The the smartphone app was delivered on Friday according to tracking.,neutral
Top-notch performance from this smart watch. Highly superb and efficient.,positive
Avoid the smartphone app at all costs. Extremely frustrating and poorly manufactured.,negative
The shipment of this laptop was processed at the central warehouse.,neutral
Avoid the smartphone app at all costs. Extremely dreadful and poorly manufactured.,negative
Superb experience! this online course arrived top-grade and works like a charm.,positive
The issue with this winter jacket was unresolved. Truly a subpar product.,negative
the gaming monitor operates within the standard voltage range specified.,neutral
The team behind this hotel booking did an wonderful job. Very wonderful service!,positive
Really outstanding experience with this smart watch. The performance is truly outstanding.,positive
This model of the coffee machine comes with standard standard options.,neutral
Very faulty quality from this online course. Failed after just a few days.,negative
the smartphone app is manufactured in certified and distributed globally.,neutral
Avoid the coffee machine at all costs. Extremely faulty and poorly manufactured.,negative
Terrible customer service regarding this hotel booking. Agent was frustrating and unhelpful.,negative
Superb experience! the coffee machine arrived amazing and works like a charm.,positive
The team behind this smart watch did an impressive job. Very impressive service!,positive
Information regarding the kitchen blender can be found on page 501 of the guide.,neutral
this smart watch was a huge disappointment. awful material and awful execution.,negative
The user manual explains how to toggle the power switch on and off.,neutral
this laptop operates within the standard voltage range specified.,neutral
The this online course was delivered on Monday according to tracking.,neutral
"Do not buy this hotel booking! It is faulty, broken, and useless.",negative
"It performs as expected, neither exceptional nor terrible.",neutral
The software update made everything so smooth and intuitive. Incredible upgrade!,positive
Regret buying this hotel booking. The design is dreadful and performance is dreadful.,negative
The issue with this winter jacket was unresolved. Truly a defective product.,negative
Information regarding the kitchen blender can be found on page 501 of the guide.,neutral
outstanding quality! I am very happy with this laptop and will buy again.,positive
The issue with this smart watch was unresolved. Truly a subpar product.,negative
Terrible customer service regarding this laptop. Agent was awful and unhelpful.,negative
Superb experience! the kitchen blender arrived top-grade and works like a charm.,positive
The warranty coverage for this hotel booking is standard across all models.,neutral
The specifications for the smartphone app indicate a weight of regular.,neutral
This model of this laptop comes with certified standard options.,neutral
amazing quality! I am very happy with the smartphone app and will buy again.,positive
Frustrating and subpar! the wireless earbuds stopped working immediately.,negative
The warranty coverage for the wireless earbuds is standard across all models.,neutral
Superb experience! this laptop arrived fantastic and works like a charm.,positive
Information regarding this online course can be found on page 104 of the guide.,neutral
The specifications for this online course indicate a weight of standard.,neutral
I am so glad I bought this hotel booking. It works wonderful and has wonderful value.,positive
Impressed by how fantastic the smartphone app is. Outstanding overall quality!,positive
Information regarding the gaming monitor can be found on page 208 of the guide.,neutral
Exceeded expectations! the coffee machine is excellent and worth every dollar.,positive
Order containing this winter jacket was registered under reference number 882.,neutral
This model of this winter jacket comes with default standard options.,neutral
I am so glad I bought the gaming monitor. It works outstanding and has outstanding value.,positive
"Five stars for the wireless earbuds! amazing build, amazing features, and amazing delivery.",positive
The shipment of this laptop was processed at the central warehouse.,neutral
Superb experience! this smart watch arrived impressive and works like a charm.,positive
Order containing the smartphone app was registered under reference number 208.,neutral
Superb experience! this online course arrived excellent and works like a charm.,positive
The warranty coverage for this winter jacket is standard across all models.,neutral
The shipment of this winter jacket was processed at the central warehouse.,neutral
Really amazing experience with this smart watch. The performance is truly amazing.,positive
the kitchen blender was a huge disappointment. disappointing material and disappointing execution.,negative
The team behind this online course did an top-grade job. Very top-grade service!,positive
Superb experience! the kitchen blender arrived fantastic and works like a charm.,positive
The issue with this hotel booking was unresolved. Truly a horrible product.,negative
Avoid this smart watch at all costs. Extremely subpar and poorly manufactured.,negative
Information regarding the smartphone app can be found on page 208 of the guide.,neutral
Terrible customer service regarding this laptop. Agent was terrible and unhelpful.,negative
this laptop operates within the standard voltage range specified.,neutral
Really impressive experience with this laptop. The performance is truly impressive.,positive
Regret buying the kitchen blender. The design is miserable and performance is miserable.,negative
Top-notch performance from this laptop. Highly impressive and efficient.,positive
the wireless earbuds is manufactured in standard and distributed globally.,neutral
Very terrible quality from this smart watch. Failed after just a few days.,negative
Information regarding this online course can be found on page 501 of the guide.,neutral
Very frustrating quality from this winter jacket. Failed after just a few days.,negative
Impressed by how amazing this online course is. Outstanding overall quality!,positive
Impressed by how amazing the smartphone app is. Outstanding overall quality!,positive
"Five stars for this winter jacket! amazing build, amazing features, and amazing delivery.",positive
The shipment of the gaming monitor was processed at the central warehouse.,neutral
I am so glad I bought the kitchen blender. It works superb and has superb value.,positive
Information regarding this winter jacket can be found on page 208 of the guide.,neutral
Top-notch performance from this winter jacket. Highly excellent and efficient.,positive
The specifications for this hotel booking indicate a weight of specified.,neutral
Top-notch performance from the coffee machine. Highly wonderful and efficient.,positive
I absolutely love this product! It exceeded all my expectations and works perfectly.,positive
Extremely awful experience with the kitchen blender. It was a complete awful purchase.,negative
"Five stars for this laptop! outstanding build, outstanding features, and outstanding delivery.",positive
Extremely defective experience with the coffee machine. It was a complete defective purchase.,negative
Very disappointing quality from this laptop. Failed after just a few days.,negative
Order containing this winter jacket was registered under reference number 882.,neutral
excellent quality! I am very happy with the kitchen blender and will buy again.,positive
Order containing this laptop was registered under reference number 208.,neutral
The temperature in the building is set to 72 degrees Fahrenheit.,neutral
The issue with the smartphone app was unresolved. Truly a disappointing product.,negative
The scheduled update for the kitchen blender will occur next Thursday.,neutral
This model of this smart watch comes with specified standard options.,neutral
Regret buying the kitchen blender. The design is defective and performance is defective.,negative
Really great experience with the smartphone app. The performance is truly great.,positive
Top-notch performance from the gaming monitor. Highly fantastic and efficient.,positive
Top-notch performance from the coffee machine. Highly wonderful and efficient.,positive
Sound quality is muffled and microphone barely picks up my voice during calls.,negative
Impressed by how top-grade this laptop is. Outstanding overall quality!,positive
Avoid the coffee machine at all costs. Extremely dreadful and poorly manufactured.,negative
Way too expensive for such a defective performance. this laptop is garbage.,negative
"Five stars for this laptop! outstanding build, outstanding features, and outstanding delivery.",positive
The specifications for this winter jacket indicate a weight of specified.,neutral
The team behind the coffee machine did an fantastic job. Very fantastic service!,positive
The issue with the kitchen blender was unresolved. Truly a disappointing product.,negative
Avoid the coffee machine at all costs. Extremely frustrating and poorly manufactured.,negative
Terrible customer service regarding the kitchen blender. Agent was dreadful and unhelpful.,negative
The team behind this winter jacket did an amazing job. Very amazing service!,positive
Top-notch performance from the smartphone app. Highly brilliant and efficient.,positive
"Five stars for the gaming monitor! wonderful build, wonderful features, and wonderful delivery.",positive
Terrible customer service regarding the wireless earbuds. Agent was disappointing and unhelpful.,negative
fantastic quality! I am very happy with the smartphone app and will buy again.,positive
Impressed by how fantastic this hotel booking is. Outstanding overall quality!,positive
Information regarding the smartphone app can be found on page 208 of the guide.,neutral
Loved everything about the smartphone app. Truly an fantastic product.,positive
the kitchen blender operates within the standard voltage range specified.,neutral
Really brilliant experience with this winter jacket. The performance is truly brilliant.,positive
Exceeded expectations! this online course is superb and worth every dollar.,positive
Item arrived damaged with missing parts. Return process has been a absolute nightmare.,negative
Avoid the coffee machine at all costs. Extremely miserable and poorly manufactured.,negative
the coffee machine operates within the standard voltage range specified.,neutral
Regret buying this smart watch. The design is miserable and performance is miserable.,negative
Top-notch performance from this laptop. Highly impressive and efficient.,positive
The issue with the coffee machine was unresolved. Truly a defective product.,negative
Superb experience! this winter jacket arrived impressive and works like a charm.,positive
this laptop was a huge disappointment. terrible material and terrible execution.,negative
Extremely faulty experience with this winter jacket. It was a complete faulty purchase.,negative
this online course was a huge disappointment. frustrating material and frustrating execution.,negative
Way too expensive for such a subpar performance. this laptop is garbage.,negative
Regret buying the wireless earbuds. The design is miserable and performance is miserable.,negative
brilliant quality! I am very happy with the coffee machine and will buy again.,positive
Extremely horrible experience with the kitchen blender. It was a complete horrible purchase.,negative
The the gaming monitor was delivered on Wednesday according to tracking.,neutral
This model of the wireless earbuds comes with specified standard options.,neutral
The issue with the coffee machine was unresolved. Truly a disappointing product.,negative
I am so glad I bought this laptop. It works impressive and has impressive value.,positive
Avoid the gaming monitor at all costs. Extremely defective and poorly manufactured.,negative
this laptop was a huge disappointment. horrible material and horrible execution.,negative
Frustrating and frustrating! the kitchen blender stopped working immediately.,negative
Avoid this smart watch at all costs. Extremely subpar and poorly manufactured.,negative
Order containing this online course was registered under reference number 882.,neutral
this laptop was a huge disappointment. terrible material and terrible execution.,negative
The this smart watch was delivered on Thursday according to tracking.,neutral
Very horrible quality from this online course. Failed after just a few days.,negative
the smartphone app was a huge disappointment. dreadful material and dreadful execution.,negative
"Do not buy this smart watch! It is disappointing, broken, and useless.",negative
The team behind this online course did an wonderful job. Very wonderful service!,positive
Impressed by how top-grade the kitchen blender is. Outstanding overall quality!,positive
Exceeded expectations! the wireless earbuds is wonderful and worth every dollar.,positive
Really brilliant experience with this smart watch. The performance is truly brilliant.,positive
Top-notch performance from the coffee machine. Highly great and efficient.,positive
Really brilliant experience with the wireless earbuds. The performance is truly brilliant.,positive
Frustrating and dreadful! the gaming monitor stopped working immediately.,negative
this winter jacket operates within the standard voltage range specified.,neutral
Order containing the gaming monitor was registered under reference number 501.,neutral
The the coffee machine was delivered on Thursday according to tracking.,neutral
this online course was a huge disappointment. disappointing material and disappointing execution.,negative
Exceeded expectations! the gaming monitor is top-grade and worth every dollar.,positive
Terrible customer service regarding this laptop. Agent was dreadful and unhelpful.,negative
The warranty coverage for the wireless earbuds is standard across all models.,neutral
This model of the coffee machine comes with certified standard options.,neutral
I am so glad I bought the coffee machine. It works brilliant and has brilliant value.,positive
Very unhappy with this service. Subscription renewed automatically despite cancellation.,negative
"Do not buy this winter jacket! It is dreadful, broken, and useless.",negative
This model of this laptop comes with certified standard options.,neutral
this hotel booking operates within the standard voltage range specified.,neutral
Way too expensive for such a faulty performance. the gaming monitor is garbage.,negative
Very defective quality from this online course. Failed after just a few days.,negative
Impressed by how fantastic this winter jacket is. Outstanding overall quality!,positive
Frustrating and terrible! the smartphone app stopped working immediately.,negative
Loved everything about the coffee machine. Truly an superb product.,positive
Extremely subpar experience with the smartphone app. It was a complete subpar purchase.,negative
Terrible customer service regarding the wireless earbuds. Agent was dreadful and unhelpful.,negative
The shipment of this winter jacket was processed at the central warehouse.,neutral
Extremely miserable experience with the gaming monitor. It was a complete miserable purchase.,negative
outstanding quality! I am very happy with this online course and will buy again.,positive
Avoid this online course at all costs. Extremely terrible and poorly manufactured.,negative
Very faulty quality from the wireless earbuds. Failed after just a few days.,negative
Superb experience! the kitchen blender arrived fantastic and works like a charm.,positive
I am so glad I bought the kitchen blender. It works superb and has superb value.,positive
This model of the coffee machine comes with regular standard options.,neutral
Regret buying this hotel booking. The design is defective and performance is defective.,negative
Way too expensive for such a faulty performance. this smart watch is garbage.,negative
The specifications for this online course indicate a weight of certified.,neutral
I am so glad I bought this hotel booking. It works excellent and has excellent value.,positive
The issue with this hotel booking was unresolved. Truly a faulty product.,negative
The warranty coverage for the gaming monitor is standard across all models.,neutral
Information regarding the kitchen blender can be found on page 940 of the guide.,neutral
The issue with this laptop was unresolved. Truly a frustrating product.,negative
excellent quality! I am very happy with the gaming monitor and will buy again.,positive
The camera quality on this phone is unreal. Daylight and night photos look professional.,positive
Impressed by how top-grade this laptop is. Outstanding overall quality!,positive
Exceeded expectations! the smartphone app is fantastic and worth every dollar.,positive
The warranty coverage for the gaming monitor is standard across all models.,neutral
"Do not buy this online course! It is frustrating, broken, and useless.",negative
Order containing this winter jacket was registered under reference number 208.,neutral
Information regarding this online course can be found on page 882 of the guide.,neutral
Regret buying this winter jacket. The design is miserable and performance is miserable.,negative
The issue with the gaming monitor was unresolved. Truly a subpar product.,negative
The team behind this smart watch did an impressive job. Very impressive service!,positive
Regret buying the kitchen blender. The design is faulty and performance is faulty.,negative
The this laptop was delivered on Friday according to tracking.,neutral
excellent quality! I am very happy with this smart watch and will buy again.,positive
Impressed by how great the wireless earbuds is. Outstanding overall quality!,positive
this winter jacket operates within the standard voltage range specified.,neutral
Way too expensive for such a frustrating performance. this hotel booking is garbage.,negative
Really impressive experience with the coffee machine. The performance is truly impressive.,positive
Regret buying this smart watch. The design is faulty and performance is faulty.,negative
"Do not buy the wireless earbuds! It is horrible, broken, and useless.",negative
The shipment of the wireless earbuds was processed at the central warehouse.,neutral
this smart watch was a huge disappointment. faulty material and faulty execution.,negative
The this laptop was delivered on Thursday according to tracking.,neutral
Superb experience! the gaming monitor arrived wonderful and works like a charm.,positive
Extremely disappointing quality. The item looks cheap and nothing like the photos online.,negative
Really amazing experience with this hotel booking. The performance is truly amazing.,positive
the wireless earbuds operates within the standard voltage range specified.,neutral
Loved everything about the smartphone app. Truly an brilliant product.,positive
Superb experience! the gaming monitor arrived excellent and works like a charm.,positive
The team behind this online course did an outstanding job. Very outstanding service!,positive
outstanding quality! I am very happy with this winter jacket and will buy again.,positive
Way too expensive for such a miserable performance. the kitchen blender is garbage.,negative
this winter jacket operates within the standard voltage range specified.,neutral
Way too expensive for such a miserable performance. this laptop is garbage.,negative
this online course operates within the standard voltage range specified.,neutral
Top-notch performance from the wireless earbuds. Highly fantastic and efficient.,positive
Very frustrating quality from this laptop. Failed after just a few days.,negative
The this laptop was delivered on Friday according to tracking.,neutral
The this hotel booking was delivered on Thursday according to tracking.,neutral
Very frustrating quality from the kitchen blender. Failed after just a few days.,negative
The specifications for this winter jacket indicate a weight of standard.,neutral
The issue with the smartphone app was unresolved. Truly a horrible product.,negative
Loved everything about this online course. Truly an superb product.,positive
The this laptop was delivered on Monday according to tracking.,neutral
The warranty coverage for this laptop is standard across all models.,neutral
"Unbelievable service, if by unbelievable you mean completely incompetent.",negative
Terrible customer service regarding this online course. Agent was dreadful and unhelpful.,negative
Frustrating and frustrating! this laptop stopped working immediately.,negative
The issue with the gaming monitor was unresolved. Truly a miserable product.,negative
this online course operates within the standard voltage range specified.,neutral
Top-notch performance from this smart watch. Highly great and efficient.,positive
Superb experience! the wireless earbuds arrived outstanding and works like a charm.,positive
this smart watch is manufactured in regular and distributed globally.,neutral
The the smartphone app was delivered on Monday according to tracking.,neutral
Extremely disappointing experience with the coffee machine. It was a complete disappointing purchase.,negative
Loved everything about the kitchen blender. Truly an outstanding product.,positive
Way too expensive for such a dreadful performance. the kitchen blender is garbage.,negative
The warranty coverage for this online course is standard across all models.,neutral
The warranty coverage for the coffee machine is standard across all models.,neutral
the kitchen blender operates within the standard voltage range specified.,neutral
"Do not buy the coffee machine! It is disappointing, broken, and useless.",negative
Loved everything about the wireless earbuds. Truly an excellent product.,positive
"Do not buy the gaming monitor! It is awful, broken, and useless.",negative
the coffee machine operates within the standard voltage range specified.,neutral
Frustrating and dreadful! this winter jacket stopped working immediately.,negative
Really superb experience with the wireless earbuds. The performance is truly superb.,positive
Very disappointing quality from this winter jacket. Failed after just a few days.,negative
The scheduled update for the smartphone app will occur next Tuesday.,neutral
Regret buying the coffee machine. The design is faulty and performance is faulty.,negative
Top-notch performance from this hotel booking. Highly brilliant and efficient.,positive
I am so glad I bought the coffee machine. It works wonderful and has wonderful value.,positive
Regret buying this laptop. The design is terrible and performance is terrible.,negative
Avoid the kitchen blender at all costs. Extremely disappointing and poorly manufactured.,negative
Very horrible quality from the gaming monitor. Failed after just a few days.,negative
Terrible customer service regarding the kitchen blender. Agent was defective and unhelpful.,negative
The restaurant serves Italian and Mediterranean cuisine from 12 PM to 10 PM.,neutral
Order containing the kitchen blender was registered under reference number 104.,neutral
Way too expensive for such a faulty performance. this winter jacket is garbage.,negative
Way too expensive for such a awful performance. this hotel booking is garbage.,negative
Terrible customer service regarding this smart watch. Agent was horrible and unhelpful.,negative
"I can't say I dislike it, it's pretty good for the price.",positive
Outstanding movie! The acting was superb and the plot kept me engaged from start to finish.,positive
Way too expensive for such a subpar performance. the wireless earbuds is garbage.,negative
Order containing the wireless earbuds was registered under reference number 882.,neutral
Top-notch performance from the coffee machine. Highly great and efficient.,positive
Information regarding this smart watch can be found on page 208 of the guide.,neutral
The specifications for the kitchen blender indicate a weight of default.,neutral
Exceeded expectations! the kitchen blender is top-grade and worth every dollar.,positive
Frustrating and disappointing! the kitchen blender stopped working immediately.,negative
The shipment of this online course was processed at the central warehouse.,neutral
Frustrating and faulty! the wireless earbuds stopped working immediately.,negative
The scheduled update for the wireless earbuds will occur next Tuesday.,neutral
"Five stars for the smartphone app! brilliant build, brilliant features, and brilliant delivery.",positive
the gaming monitor operates within the standard voltage range specified.,neutral
Impressed by how fantastic the wireless earbuds is. Outstanding overall quality!,positive
outstanding quality! I am very happy with this laptop and will buy again.,positive
Order containing the kitchen blender was registered under reference number 501.,neutral
Regret buying the coffee machine. The design is disappointing and performance is disappointing.,negative
The battery capacity is 4000 mAh and supports standard USB-C charging.,neutral
Order containing this online course was registered under reference number 208.,neutral
"Do not buy this smart watch! It is defective, broken, and useless.",negative
the coffee machine was a huge disappointment. awful material and awful execution.,negative
Information regarding this hotel booking can be found on page 208 of the guide.,neutral
The warranty coverage for this winter jacket is standard across all models.,neutral
brilliant quality! I am very happy with this laptop and will buy again.,positive
Terrible customer service regarding the wireless earbuds. Agent was subpar and unhelpful.,negative
Extremely horrible experience with the gaming monitor. It was a complete horrible purchase.,negative
Loved everything about this laptop. Truly an outstanding product.,positive
Superb experience! this winter jacket arrived impressive and works like a charm.,positive
Loved everything about this hotel booking. Truly an amazing product.,positive
The noise cancellation on these headphones is top-notch. Blocks out everything.,positive
Regret buying this smart watch. The design is subpar and performance is subpar.,negative
"The restaurant was dirty, service was slow, and food gave me stomach trouble.",negative
Regret buying this hotel booking. The design is defective and performance is defective.,negative
Frustrating and awful! the wireless earbuds stopped working immediately.,negative
Information regarding the smartphone app can be found on page 208 of the guide.,neutral
"Five stars for the kitchen blender! impressive build, impressive features, and impressive delivery.",positive
"Do not buy the coffee machine! It is disappointing, broken, and useless.",negative
"Five stars for the smartphone app! amazing build, amazing features, and amazing delivery.",positive
Frustrating and horrible! this laptop stopped working immediately.,negative
Order containing this online course was registered under reference number 882.,neutral
The specifications for this smart watch indicate a weight of regular.,neutral
brilliant quality! I am very happy with this laptop and will buy again.,positive
Order containing this laptop was registered under reference number 104.,neutral
Very subpar quality from the coffee machine. Failed after just a few days.,negative
Exceeded expectations! this online course is superb and worth every dollar.,positive
The team behind this smart watch did an superb job. Very superb service!,positive
Very disappointing quality from this laptop. Failed after just a few days.,negative
Avoid this hotel booking at all costs. Extremely terrible and poorly manufactured.,negative
Very disappointing quality from the smartphone app. Failed after just a few days.,negative
Extremely terrible experience with this laptop. It was a complete terrible purchase.,negative
"Do not buy the wireless earbuds! It is disappointing, broken, and useless.",negative
This model of this laptop comes with regular standard options.,neutral
Delightful dining experience with incredible flavors and top-tier presentation.,positive
I am so glad I bought the smartphone app. It works superb and has superb value.,positive
the wireless earbuds is manufactured in regular and distributed globally.,neutral
"Do not buy this laptop! It is defective, broken, and useless.",negative
Very defective quality from the kitchen blender. Failed after just a few days.,negative
The the kitchen blender was delivered on Wednesday according to tracking.,neutral
Superb experience! the coffee machine arrived fantastic and works like a charm.,positive
Order containing this winter jacket was registered under reference number 208.,neutral
The issue with this online course was unresolved. Truly a subpar product.,negative
The specifications for the kitchen blender indicate a weight of specified.,neutral
This model of this winter jacket comes with certified standard options.,neutral
The issue with the smartphone app was unresolved. Truly a awful product.,negative
superb quality! I am very happy with this winter jacket and will buy again.,positive
Impressed by how wonderful this laptop is. Outstanding overall quality!,positive
Superb experience! this smart watch arrived great and works like a charm.,positive
The warranty coverage for this hotel booking is standard across all models.,neutral
The shipment of this online course was processed at the central warehouse.,neutral
This model of the smartphone app comes with certified standard options.,neutral
I am so glad I bought the smartphone app. It works great and has great value.,positive
This model of this smart watch comes with certified standard options.,neutral
"Five stars for the kitchen blender! fantastic build, fantastic features, and fantastic delivery.",positive
"Five stars for the kitchen blender! excellent build, excellent features, and excellent delivery.",positive
this winter jacket is manufactured in certified and distributed globally.,neutral
This model of the smartphone app comes with specified standard options.,neutral
The customer support rep went above and beyond to answer all my detailed questions.,positive
This model of the coffee machine comes with certified standard options.,neutral
Information regarding the wireless earbuds can be found on page 940 of the guide.,neutral
Top-notch performance from this laptop. Highly superb and efficient.,positive
"Do not buy the smartphone app! It is awful, broken, and useless.",negative
The scheduled update for this hotel booking will occur next Tuesday.,neutral
the wireless earbuds was a huge disappointment. miserable material and miserable execution.,negative
The shipment of the gaming monitor was processed at the central warehouse.,neutral
Terrible customer service regarding this online course. Agent was defective and unhelpful.,negative
The specifications for this winter jacket indicate a weight of standard.,neutral
Impressed by how fantastic this smart watch is. Outstanding overall quality!,positive
Regret buying this laptop. The design is frustrating and performance is frustrating.,negative
I am so glad I bought the gaming monitor. It works brilliant and has brilliant value.,positive
Worst customer support ever. The agent was rude and refused to honor the warranty.,negative
superb quality! I am very happy with the coffee machine and will buy again.,positive
The warranty coverage for the smartphone app is standard across all models.,neutral
I am so glad I bought the kitchen blender. It works impressive and has impressive value.,positive
The fabric shrank significantly after just one wash. Low quality material.,negative
Regret buying the kitchen blender. The design is miserable and performance is miserable.,negative
Extremely awful experience with the kitchen blender. It was a complete awful purchase.,negative
Impressed by how great the coffee machine is. Outstanding overall quality!,positive
The shipment of this hotel booking was processed at the central warehouse.,neutral
This model of the kitchen blender comes with certified standard options.,neutral
Very defective quality from this hotel booking. Failed after just a few days.,negative
The specifications for this winter jacket indicate a weight of certified.,neutral
Extremely subpar experience with the smartphone app. It was a complete subpar purchase.,negative
this hotel booking operates within the standard voltage range specified.,neutral
Order containing this laptop was registered under reference number 940.,neutral
The this laptop was delivered on Thursday according to tracking.,neutral
The scheduled update for this online course will occur next Wednesday.,neutral
this online course operates within the standard voltage range specified.,neutral
Terrible customer service regarding this laptop. Agent was horrible and unhelpful.,negative
Exceeded expectations! this hotel booking is fantastic and worth every dollar.,positive
this smart watch was a huge disappointment. subpar material and subpar execution.,negative
the wireless earbuds operates within the standard voltage range specified.,neutral
Avoid the kitchen blender at all costs. Extremely disappointing and poorly manufactured.,negative
The shipment of the coffee machine was processed at the central warehouse.,neutral
"Do not buy this smart watch! It is horrible, broken, and useless.",negative
Avoid this hotel booking at all costs. Extremely subpar and poorly manufactured.,negative
I am so glad I bought this smart watch. It works superb and has superb value.,positive
this smart watch is manufactured in default and distributed globally.,neutral
Loved everything about the kitchen blender. Truly an fantastic product.,positive
The shipment of the wireless earbuds was processed at the central warehouse.,neutral
this winter jacket is manufactured in regular and distributed globally.,neutral
Information regarding this laptop can be found on page 940 of the guide.,neutral
Loved everything about the kitchen blender. Truly an brilliant product.,positive
Frustrating and subpar! this online course stopped working immediately.,negative
the gaming monitor operates within the standard voltage range specified.,neutral
The scheduled update for this online course will occur next Monday.,neutral
Order #49201 was processed and shipped via standard ground transit.,neutral
Loved everything about this smart watch. Truly an fantastic product.,positive
"Five stars for this hotel booking! outstanding build, outstanding features, and outstanding delivery.",positive
The specifications for this hotel booking indicate a weight of regular.,neutral
Really wonderful experience with this laptop. The performance is truly wonderful.,positive
The shipment of this laptop was processed at the central warehouse.,neutral
this laptop is manufactured in certified and distributed globally.,neutral
Order containing the gaming monitor was registered under reference number 882.,neutral
Very satisfied with the speedy delivery and excellent packaging. 10/10 service!,positive
Terrible customer service regarding this online course. Agent was miserable and unhelpful.,negative
Information regarding this online course can be found on page 208 of the guide.,neutral
The warranty coverage for the smartphone app is standard across all models.,neutral
Superb experience! this hotel booking arrived amazing and works like a charm.,positive
I am so glad I bought the smartphone app. It works great and has great value.,positive
Avoid the kitchen blender at all costs. Extremely dreadful and poorly manufactured.,negative
The specifications for the kitchen blender indicate a weight of standard.,neutral
Regret buying the kitchen blender. The design is horrible and performance is horrible.,negative
Information regarding the gaming monitor can be found on page 104 of the guide.,neutral
Regret buying the kitchen blender. The design is disappointing and performance is disappointing.,negative
I am so glad I bought this hotel booking. It works superb and has superb value.,positive
The warranty coverage for the coffee machine is standard across all models.,neutral
Impressed by how superb this hotel booking is. Outstanding overall quality!,positive
This model of this hotel booking comes with standard standard options.,neutral
great quality! I am very happy with this hotel booking and will buy again.,positive
Really great experience with the gaming monitor. The performance is truly great.,positive
"Do not buy this smart watch! It is frustrating, broken, and useless.",negative
The scheduled update for the kitchen blender will occur next Wednesday.,neutral
The specifications for the coffee machine indicate a weight of certified.,neutral
The team behind the gaming monitor did an outstanding job. Very outstanding service!,positive
Regret buying the coffee machine. The design is awful and performance is awful.,negative
Exceeded expectations! this laptop is brilliant and worth every dollar.,positive
this winter jacket is manufactured in specified and distributed globally.,neutral
The the gaming monitor was delivered on Monday according to tracking.,neutral
Superb experience! the wireless earbuds arrived amazing and works like a charm.,positive
I am so glad I bought this online course. It works brilliant and has brilliant value.,positive
The issue with this hotel booking was unresolved. Truly a frustrating product.,negative
the kitchen blender is manufactured in regular and distributed globally.,neutral
Frustrating and miserable! the gaming monitor stopped working immediately.,negative
The team behind this hotel booking did an amazing job. Very amazing service!,positive
Impressed by how fantastic this smart watch is. Outstanding overall quality!,positive
The shipment of this winter jacket was processed at the central warehouse.,neutral
The the coffee machine was delivered on Wednesday according to tracking.,neutral
Terrible customer service regarding the gaming monitor. Agent was disappointing and unhelpful.,negative
I am so glad I bought this hotel booking. It works wonderful and has wonderful value.,positive
Regret buying the kitchen blender. The design is faulty and performance is faulty.,negative
Frustrating and frustrating! this online course stopped working immediately.,negative
Superb experience! the coffee machine arrived fantastic and works like a charm.,positive
Terrible customer service regarding this laptop. Agent was subpar and unhelpful.,negative
The team behind this laptop did an outstanding job. Very outstanding service!,positive
"Five stars for the gaming monitor! superb build, superb features, and superb delivery.",positive
Information regarding this laptop can be found on page 882 of the guide.,neutral
Exceeded expectations! this winter jacket is wonderful and worth every dollar.,positive
Exceeded expectations! this winter jacket is superb and worth every dollar.,positive
this laptop operates within the standard voltage range specified.,neutral
The team behind the coffee machine did an wonderful job. Very wonderful service!,positive
"Do not buy the gaming monitor! It is subpar, broken, and useless.",negative
Superb experience! the kitchen blender arrived wonderful and works like a charm.,positive
Information regarding the wireless earbuds can be found on page 104 of the guide.,neutral
This model of this winter jacket comes with default standard options.,neutral
The shipment of the coffee machine was processed at the central warehouse.,neutral
The team behind this online course did an wonderful job. Very wonderful service!,positive
This model of the smartphone app comes with standard standard options.,neutral
Regret buying this smart watch. The design is terrible and performance is terrible.,negative
Superb experience! the coffee machine arrived impressive and works like a charm.,positive
Regret buying this laptop. The design is miserable and performance is miserable.,negative
Fantastic customer service! The team was super helpful and resolved my issue immediately.,positive
I am so glad I bought this smart watch. It works top-grade and has top-grade value.,positive
Terrible customer service regarding the coffee machine. Agent was disappointing and unhelpful.,negative
this hotel booking operates within the standard voltage range specified.,neutral
"Do not buy the gaming monitor! It is horrible, broken, and useless.",negative
This model of the wireless earbuds comes with certified standard options.,neutral
Order containing this winter jacket was registered under reference number 882.,neutral
this winter jacket operates within the standard voltage range specified.,neutral
"Five stars for this smart watch! wonderful build, wonderful features, and wonderful delivery.",positive
The specifications for this online course indicate a weight of regular.,neutral
Information regarding this hotel booking can be found on page 104 of the guide.,neutral
Way too expensive for such a frustrating performance. the wireless earbuds is garbage.,negative
This model of the coffee machine comes with default standard options.,neutral
The shipment of this hotel booking was processed at the central warehouse.,neutral
Information regarding this online course can be found on page 501 of the guide.,neutral
great quality! I am very happy with this laptop and will buy again.,positive
Regret buying the coffee machine. The design is frustrating and performance is frustrating.,negative
the coffee machine was a huge disappointment. faulty material and faulty execution.,negative
this online course is manufactured in regular and distributed globally.,neutral
The shipment of the gaming monitor was processed at the central warehouse.,neutral
Very defective quality from the wireless earbuds. Failed after just a few days.,negative
Terrible customer service regarding the wireless earbuds. Agent was awful and unhelpful.,negative
Extremely defective experience with this smart watch. It was a complete defective purchase.,negative
The shipment of the smartphone app was processed at the central warehouse.,neutral
The scheduled update for the wireless earbuds will occur next Wednesday.,neutral
this winter jacket is manufactured in specified and distributed globally.,neutral
The warranty coverage for the wireless earbuds is standard across all models.,neutral
Order containing this winter jacket was registered under reference number 940.,neutral
Information regarding the coffee machine can be found on page 208 of the guide.,neutral
the wireless earbuds operates within the standard voltage range specified.,neutral
The shipment of this laptop was processed at the central warehouse.,neutral
Regret buying this winter jacket. The design is dreadful and performance is dreadful.,negative
Extremely disappointing experience with the coffee machine. It was a complete disappointing purchase.,negative
The issue with this hotel booking was unresolved. Truly a faulty product.,negative
I am so glad I bought this hotel booking. It works amazing and has amazing value.,positive
Extremely faulty experience with this hotel booking. It was a complete faulty purchase.,negative
Avoid this online course at all costs. Extremely awful and poorly manufactured.,negative
The shipment of the wireless earbuds was processed at the central warehouse.,neutral
The this online course was delivered on Friday according to tracking.,neutral
The scheduled update for this winter jacket will occur next Friday.,neutral
Impressed by how impressive the wireless earbuds is. Outstanding overall quality!,positive
Extremely dreadful experience with the smartphone app. It was a complete dreadful purchase.,negative
Top-notch performance from this online course. Highly great and efficient.,positive
This model of this hotel booking comes with regular standard options.,neutral
Very faulty quality from this hotel booking. Failed after just a few days.,negative
this online course is manufactured in default and distributed globally.,neutral
Really outstanding experience with this smart watch. The performance is truly outstanding.,positive
Exceeded expectations! this smart watch is great and worth every dollar.,positive
"Do not buy the gaming monitor! It is subpar, broken, and useless.",negative
Avoid this online course at all costs. Extremely terrible and poorly manufactured.,negative
the kitchen blender is manufactured in certified and distributed globally.,neutral
"Do not buy the gaming monitor! It is disappointing, broken, and useless.",negative
Terrible customer service regarding this smart watch. Agent was dreadful and unhelpful.,negative
Regret buying this smart watch. The design is defective and performance is defective.,negative
Extremely horrible experience with this hotel booking. It was a complete horrible purchase.,negative
brilliant quality! I am very happy with this hotel booking and will buy again.,positive
Impressed by how amazing this hotel booking is. Outstanding overall quality!,positive
Regret buying this online course. The design is faulty and performance is faulty.,negative
The issue with the coffee machine was unresolved. Truly a defective product.,negative
Superb experience! this online course arrived excellent and works like a charm.,positive
Very disappointing quality from the gaming monitor. Failed after just a few days.,negative
Information regarding the gaming monitor can be found on page 208 of the guide.,neutral
The this online course was delivered on Monday according to tracking.,neutral
Way too expensive for such a faulty performance. this laptop is garbage.,negative
Way too expensive for such a dreadful performance. the kitchen blender is garbage.,negative
the gaming monitor was a huge disappointment. subpar material and subpar execution.,negative
The issue with the coffee machine was unresolved. Truly a subpar product.,negative
Very frustrating quality from the gaming monitor. Failed after just a few days.,negative
Extremely dreadful experience with this winter jacket. It was a complete dreadful purchase.,negative
I am so glad I bought the coffee machine. It works top-grade and has top-grade value.,positive
"Do not buy this hotel booking! It is horrible, broken, and useless.",negative
Exceeded expectations! this winter jacket is impressive and worth every dollar.,positive
Top-notch performance from this winter jacket. Highly brilliant and efficient.,positive
The warranty coverage for this online course is standard across all models.,neutral
"Do not buy this laptop! It is subpar, broken, and useless.",negative
the smartphone app was a huge disappointment. awful material and awful execution.,negative
The issue with this smart watch was unresolved. Truly a horrible product.,negative
outstanding quality! I am very happy with this laptop and will buy again.,positive
Superb experience! the wireless earbuds arrived brilliant and works like a charm.,positive
Avoid the wireless earbuds at all costs. Extremely horrible and poorly manufactured.,negative
The package arrived today as scheduled in standard cardboard packaging.,neutral
Terrible customer service regarding the gaming monitor. Agent was dreadful and unhelpful.,negative
"Five stars for the smartphone app! brilliant build, brilliant features, and brilliant delivery.",positive
wonderful quality! I am very happy with this laptop and will buy again.,positive
Impressed by how superb the wireless earbuds is. Outstanding overall quality!,positive
The team behind this hotel booking did an fantastic job. Very fantastic service!,positive
Top-notch performance from the gaming monitor. Highly top-grade and efficient.,positive
the smartphone app was a huge disappointment. miserable material and miserable execution.,negative
This model of this winter jacket comes with specified standard options.,neutral
Information regarding this smart watch can be found on page 501 of the guide.,neutral
the kitchen blender was a huge disappointment. subpar material and subpar execution.,negative
The shipment of this winter jacket was processed at the central warehouse.,neutral
this online course operates within the standard voltage range specified.,neutral
Top-notch performance from this hotel booking. Highly amazing and efficient.,positive
Top-notch performance from this smart watch. Highly superb and efficient.,positive
Highly impressed by the durability and build quality of this laptop stand.,positive
The specifications for this laptop indicate a weight of default.,neutral
the gaming monitor is manufactured in default and distributed globally.,neutral
Impressed by how brilliant this winter jacket is. Outstanding overall quality!,positive
Loved everything about the kitchen blender. Truly an superb product.,positive
Top-notch performance from this smart watch. Highly top-grade and efficient.,positive
Avoid this laptop at all costs. Extremely defective and poorly manufactured.,negative
"Five stars for the smartphone app! brilliant build, brilliant features, and brilliant delivery.",positive
Very faulty quality from the gaming monitor. Failed after just a few days.,negative
Order containing this winter jacket was registered under reference number 501.,neutral
Extremely faulty experience with this smart watch. It was a complete faulty purchase.,negative
I am so glad I bought the coffee machine. It works superb and has superb value.,positive
"Do not buy the coffee machine! It is terrible, broken, and useless.",negative
Really excellent experience with the wireless earbuds. The performance is truly excellent.,positive
Terrible customer service regarding the smartphone app. Agent was horrible and unhelpful.,negative
The shipment of this online course was processed at the central warehouse.,neutral
Impressed by how amazing this winter jacket is. Outstanding overall quality!,positive
"Not the worst movie I've seen, but definitely far from good.",negative
Regret buying this laptop. The design is dreadful and performance is dreadful.,negative
"Five stars for this online course! amazing build, amazing features, and amazing delivery.",positive
Terrible customer service regarding the gaming monitor. Agent was subpar and unhelpful.,negative
Loved everything about this winter jacket. Truly an top-grade product.,positive
Exceeded expectations! this smart watch is fantastic and worth every dollar.,positive
Very defective quality from the kitchen blender. Failed after just a few days.,negative
The team behind the gaming monitor did an impressive job. Very impressive service!,positive
Frustrating and defective! the gaming monitor stopped working immediately.,negative
The specifications for this smart watch indicate a weight of specified.,neutral
"Do not buy the wireless earbuds! It is disappointing, broken, and useless.",negative
the kitchen blender is manufactured in certified and distributed globally.,neutral
Extremely dreadful experience with this hotel booking. It was a complete dreadful purchase.,negative
Very terrible quality from this winter jacket. Failed after just a few days.,negative
The shipment of the kitchen blender was processed at the central warehouse.,neutral
The the kitchen blender was delivered on Monday according to tracking.,neutral
I am so glad I bought this hotel booking. It works outstanding and has outstanding value.,positive
Customer service ignores emails and phone calls. Extremely untrustworthy seller.,negative
Regret buying the wireless earbuds. The design is miserable and performance is miserable.,negative
Loved everything about the wireless earbuds. Truly an excellent product.,positive
The warranty coverage for the smartphone app is standard across all models.,neutral
The shipment of the coffee machine was processed at the central warehouse.,neutral
The shipment of the smartphone app was processed at the central warehouse.,neutral
This model of this hotel booking comes with regular standard options.,neutral
Impressed by how top-grade the gaming monitor is. Outstanding overall quality!,positive
this smart watch operates within the standard voltage range specified.,neutral
The issue with the wireless earbuds was unresolved. Truly a horrible product.,negative
this winter jacket was a huge disappointment. miserable material and miserable execution.,negative
this smart watch operates within the standard voltage range specified.,neutral
Regret buying the wireless earbuds. The design is disappointing and performance is disappointing.,negative
Impressed by how amazing the smartphone app is. Outstanding overall quality!,positive
"The user interface is clean, beautiful, and easy to navigate. Kudos to the design team!",positive
Superb experience! the smartphone app arrived superb and works like a charm.,positive
the gaming monitor was a huge disappointment. awful material and awful execution.,negative
Really excellent experience with this smart watch. The performance is truly excellent.,positive
The warranty coverage for this online course is standard across all models.,neutral
Top-notch performance from the wireless earbuds. Highly superb and efficient.,positive
Regret buying this smart watch. The design is defective and performance is defective.,negative
Terrible experience! The product broke within two days of normal usage. Total waste of money.,negative
Way too expensive for such a subpar performance. this laptop is garbage.,negative
The shipment of the gaming monitor was processed at the central warehouse.,neutral
the smartphone app operates within the standard voltage range specified.,neutral
"Do not buy this winter jacket! It is frustrating, broken, and useless.",negative
The this winter jacket was delivered on Thursday according to tracking.,neutral
Extremely terrible experience with this online course. It was a complete terrible purchase.,negative
the smartphone app operates within the standard voltage range specified.,neutral
Very defective quality from this online course. Failed after just a few days.,negative
The issue with this laptop was unresolved. Truly a dreadful product.,negative
Impressed by how brilliant the coffee machine is. Outstanding overall quality!,positive
Extremely awful experience with the kitchen blender. It was a complete awful purchase.,negative
Very defective quality from this hotel booking. Failed after just a few days.,negative
Order containing the kitchen blender was registered under reference number 882.,neutral
Exceeded expectations! the smartphone app is great and worth every dollar.,positive
The scheduled update for the wireless earbuds will occur next Friday.,neutral
Top-notch performance from this laptop. Highly top-grade and efficient.,positive
Avoid the wireless earbuds at all costs. Extremely subpar and poorly manufactured.,negative
Terrible customer service regarding this smart watch. Agent was dreadful and unhelpful.,negative
I am so glad I bought this smart watch. It works impressive and has impressive value.,positive
Horrible customer service. Spent 45 minutes on hold and got disconnected without any resolution.,negative
The shipment of the kitchen blender was processed at the central warehouse.,neutral
Really outstanding experience with this laptop. The performance is truly outstanding.,positive
The shipment of this winter jacket was processed at the central warehouse.,neutral
The team behind this laptop did an fantastic job. Very fantastic service!,positive
Regret buying the kitchen blender. The design is faulty and performance is faulty.,negative
Information regarding this smart watch can be found on page 208 of the guide.,neutral
Top-notch performance from the kitchen blender. Highly great and efficient.,positive
Frustrating and faulty! the kitchen blender stopped working immediately.,negative
The shipment of the wireless earbuds was processed at the central warehouse.,neutral
this online course is manufactured in regular and distributed globally.,neutral
The team behind the wireless earbuds did an wonderful job. Very wonderful service!,positive
"Do not buy the kitchen blender! It is awful, broken, and useless.",negative
Order containing the wireless earbuds was registered under reference number 208.,neutral
"Five stars for the kitchen blender! brilliant build, brilliant features, and brilliant delivery.",positive
the kitchen blender was a huge disappointment. subpar material and subpar execution.,negative
This model of the kitchen blender comes with default standard options.,neutral
The scheduled update for this smart watch will occur next Wednesday.,neutral
Superb experience! this hotel booking arrived fantastic and works like a charm.,positive
The specifications for this smart watch indicate a weight of certified.,neutral
"Five stars for the smartphone app! amazing build, amazing features, and amazing delivery.",positive
this online course is manufactured in regular and distributed globally.,neutral
Exceeded expectations! this winter jacket is amazing and worth every dollar.,positive
I am so glad I bought this smart watch. It works amazing and has amazing value.,positive
"Do not buy the wireless earbuds! It is disappointing, broken, and useless.",negative
The this hotel booking was delivered on Wednesday according to tracking.,neutral
The the coffee machine was delivered on Thursday according to tracking.,neutral
the smartphone app operates within the standard voltage range specified.,neutral
Avoid this winter jacket at all costs. Extremely defective and poorly manufactured.,negative
The warranty coverage for the gaming monitor is standard across all models.,neutral
this hotel booking is manufactured in specified and distributed globally.,neutral
